customer_tweet_id,customer_id,customer_text,customer_created_at,brand_tweet_id,parent_tweet_id,brand_text,brand_created_at
850,115887,@SpotifyCares Premium &amp; when i️ have it on shuffle it turns off when the song is done and just plays in order and the repeat lights up but doesn’t repeat,Tue Oct 31 21:41:37 +0000 2017,848,850,@115887 Hmm. Can you try restarting your device by holding the Sleep/Wake + Volume Down buttons for 10 seconds? Keep us posted /LS,Tue Oct 31 22:28:16 +0000 2017
849,115887,@SpotifyCares doesn’t work and i even tried deleting the app,Tue Oct 31 23:36:20 +0000 2017,851,849,@115887 Could you send us a DM with your account's email address? We'll take a look backstage /CH https://t.co/ldFdZRiNAt,Tue Oct 31 23:39:03 +0000 2017
853,115887,@SpotifyCares iphone 7+ and i have the most recent update for spotify,Tue Oct 31 19:57:59 +0000 2017,852,853,"@115887 Thanks. Just to be sure, are you Free or Premium? Also, can you give us more info on what happens when you try using it? /CB",Tue Oct 31 21:04:13 +0000 2017
855,115887,i’m pissed my @115888 shuffle and repeat button just don’t fucking work and i’m getting frustrated,Tue Oct 31 19:10:51 +0000 2017,854,855,"@115887 Hey! What device, operating system, and Spotify version are you using? We'll see what we can suggest /CB",Tue Oct 31 19:36:16 +0000 2017
858,115889,@SpotifyCares 2/2... and there is no way to manage Albums (recently added e.g.) in the App. It's a mess 😲 https://t.co/RlWuqllt8S,Tue Oct 31 22:01:30 +0000 2017,856,858,"@115889 Got it. It's not possible at the moment, but we'll pass on the the suggestion. Could you try reinstalling the app? /PB",Tue Oct 31 22:25:16 +0000 2017
857,115889,"@SpotifyCares Yes, multiple times. No changes. I am Premium User an when @115890  send us users to Spotify there should be a bugfree running App 🤨",Wed Nov 01 07:40:06 +0000 2017,859,857,@115889 Sorry to hear that. The Spotify app on Windows Phone is currently in maintenance mode. More info here: https://t.co/KSq4qse4dE /RS,Wed Nov 01 08:30:40 +0000 2017
862,115889,@SpotifyCares @115890 Groove Music quits &amp; redirect to Spotify. But the W10M App is a bugfest.. Any further Updates possible?,Tue Oct 31 21:43:56 +0000 2017,860,862,@115889 Hey there! That doesn't sound good. What's happening exactly? Can you let us know the app version you're using? /PB,Tue Oct 31 21:51:22 +0000 2017
864,115891,@SpotifyCares ok thx,Tue Oct 31 22:22:05 +0000 2017,863,864,"@115891 No worries. If you have other questions, just give us a shout 😉 /GS",Tue Oct 31 22:25:07 +0000 2017
866,115891,is there a way to find non-explicit songs that are explicit @SpotifyCares,Tue Oct 31 22:14:42 +0000 2017,865,866,"@115891 Hey Mikey! We're afraid there's no way to filter or search that way, but we'll pass that suggestion on to the relevant folks /GS",Tue Oct 31 22:17:55 +0000 2017
1869,116128,"@SpotifyCares using a MacBook Pro with OS X El Capitan and the latest Spotify update, and an iPhone 6S with the latest software/Spotify updates!",Tue Oct 31 22:33:55 +0000 2017,1867,1869,"@116128 Got it! Could you try streaming one of our 15 Stranger Things playlists, then switch to the Now Playing screen? /KB",Tue Oct 31 22:42:29 +0000 2017
1870,116128,"@SpotifyCares Desktop app still not working, but I got to see the cool thing (Easter egg) so I’m ecstatic! 😊😊",Tue Oct 31 22:45:10 +0000 2017,1871,1870,"@116128 Hmm, let's see. Could you confirm the exact Spotify version of your desktop app? /KB",Tue Oct 31 22:47:05 +0000 2017
1872,116128,@SpotifyCares 1.0.65.320.gac7a8e02,Tue Oct 31 22:48:33 +0000 2017,1873,1872,"@116128 Thanks! It's not ideal, but a clean reinstall of the app should help out: https://t.co/EqisDMwZAT. Let us know how it plays out /KB",Tue Oct 31 22:53:34 +0000 2017
1875,116128,Why are my devices not doing the cool thing when I play the #StrangerThings albums on @115888? 😭,Tue Oct 31 22:24:54 +0000 2017,1874,1875,@116128 Hey Jacklynn! The cavalry's here. Could you tell us the device/OS you're using? We'll see what we can suggest /KB,Tue Oct 31 22:32:21 +0000 2017
1878,116129,"@116130 why are Nena's releases between 2002 and 2012 all missing, yet everything else from 1982 - 2017 is there? #sadness #emptyplaylist",Tue Oct 31 21:54:36 +0000 2017,1876,1878,@116129 Hi Liam! Could you let us know the tracks/albums you're looking for? We'll take a look /RH,Tue Oct 31 22:33:32 +0000 2017
1877,116129,"@SpotifyCares Made In Germany, Du Bist Gut, Cover Me and 20 Jahre (this one mostly). Because these are missing, a few compilations have greyed out tracks",Tue Oct 31 23:08:08 +0000 2017,1879,1877,"@116129 2: Spotify content here: https://t.co/0i8GpimuDa. If you have anything else in mind, we're just a tweet away /RH",Tue Oct 31 23:27:02 +0000 2017
1877,116129,"@SpotifyCares Made In Germany, Du Bist Gut, Cover Me and 20 Jahre (this one mostly). Because these are missing, a few compilations have greyed out tracks",Tue Oct 31 23:08:08 +0000 2017,1880,1877,"@116129 1: Thanks! Looks like those albums are currently unavailable. Fingers crossed we'll be able to have them soon, but there's info about...",Tue Oct 31 23:26:54 +0000 2017
2799,116374,@115888 In other news should probs upgrade from shitty 12GB package,Sat Nov 25 15:59:09 +0000 2017,2798,2799,"@116374 Hey Katie, thanks for the feedback – we appreciate it! We’ll get this passed onto the right team 💚 /CG",Sun Nov 26 00:27:36 +0000 2017
2802,116375,"@SpotifyCares Montreal, where the ad itself says I’m not allowed to get the deal.

We had another tweet exchange a few days ago when you emailed me the same offer.",Sat Nov 25 15:35:50 +0000 2017,2801,2802,@116375 Sorry about that. You shouldn’t have received an email/notification if you’re not eligible. Can you DM us your account's email address or username? /NQ https://t.co/ldFdZRiNAt,Sun Nov 26 00:27:25 +0000 2017
2804,116375,"So @115888 @3493 @SpotifyCares: three days later you’re still advertising a sale to me for which I’m geographically  ineligible, this time on Facebook. You know you can choose where you want your ads to display on FB, don’t you? https://t.co/AHEZ1EtC57",Sat Nov 25 03:07:20 +0000 2017,2803,2804,"@116375 Hey there! Just to clarify, which part of Canada are currently living in? /MT",Sat Nov 25 06:54:29 +0000 2017
2807,116376,@SpotifyCares https://t.co/RLvNj5Ifow - you having a party without me?,Sat Nov 25 15:13:38 +0000 2017,2805,2807,"@116376 Hey Tom! Not to worry, we're more than happy to bring the party to your place. Would you mind sending this invite out to everyone you know? https://t.co/LwyCWf8WKC 🎉 /TB",Sun Nov 26 00:27:01 +0000 2017
2809,116377,.@SpotifyCares any way to block this particular ad? Happy with ads/dont want premium. Just this ad is really hard to watch over and over and over. Please help. https://t.co/MsW8FjmKw1,Sat Nov 25 15:48:22 +0000 2017,2808,2809,@116377 Hey there! Thanks for taking the time to reach out – we'll pass your feedback on to our Ads team /NQ,Sun Nov 26 00:23:18 +0000 2017
2811,116378,@115888 Im already a premium user can i still avail this promo?,Sat Nov 25 15:55:43 +0000 2017,2810,2811,"@116378 Hey there, help's here! Could you DM us your account's email address and username? We'll take a look backstage /CG https://t.co/ldFdZRiNAt",Sun Nov 26 00:20:35 +0000 2017
2853,116379,"@SpotifyCares Thanks for the quick reply! I got it to work after un/reinstalling a few times, but I’m on MacOS High Sierra. Looks like version 1.0.68.407.g6864aaaf? I’m not sure what the initial problem was, but again, it’s working now.",Sat Nov 25 15:53:20 +0000 2017,2852,2853,"@116379 Awesome! If you ever need anything else, just shout and we'll come running 🏃 /DF",Sun Nov 26 00:20:17 +0000 2017
2855,116379,"@SpotifyCares I've been trying to select ""no"" for this option multiple times but every time after closing the settings, it goes right back to ""minimized."" I do not want this to boot up at startup. What gives? https://t.co/vX8vY4l0st",Sat Nov 25 00:22:39 +0000 2017,2854,2855,@116379 Hey Dylan! Can you let us know which versions of Spotify and Windows you're running? We'll see what we can suggest /RA,Sat Nov 25 02:02:09 +0000 2017
2857,116380,"@116381 Hey hey! Thanks for reaching out! @SpotifyCares, could you help out with Pascal's payment update?",Fri Nov 24 04:10:37 +0000 2017,2856,2857,@116380 @116381 Hey Pazcal! Could you send us a DM with your account's email address? We'll take a look backstage /MJ https://t.co/ldFdZRiNAt,Sun Nov 26 00:08:23 +0000 2017
2861,116380,"@116382 Booooourns. @SpotifyCares, could you please help out with this one?",Fri Nov 24 02:31:16 +0000 2017,2860,2861,@116380 @116382 Hey there! We'll get this reported. Great detective work! https://t.co/LpsmyUtme0 /MJ,Sun Nov 26 00:07:18 +0000 2017
2864,116383,@115888 only credit card??,Sat Nov 25 15:41:20 +0000 2017,2863,2864,@116383 Hey! The cavalry's here. Can you DM us your account's username or email address? We'll take a look under the hood /JS https://t.co/ldFdZRiNAt,Sun Nov 26 00:04:36 +0000 2017
2869,116384,"@SpotifyCares why is this album on Spotify if it's not playable? It would be super if was available, THIS IS #2NE1 playlist would be complete if it had all the songs from their first mini album https://t.co/NdN2Hbtdfl",Sat Nov 25 15:40:44 +0000 2017,2867,2869,@116384 Hey there! Sometimes content gets temporarily removed because of licensing changes. Hopefully we'll have them available again soon /MT,Sun Nov 26 00:04:25 +0000 2017
2868,116384,@SpotifyCares I doubt it :/ but thank you for replying!,Sun Nov 26 03:58:22 +0000 2017,2870,2868,"@116384 You're welcome. Not to worry, we'll pass on your feedback to the right team. If you ever need us again, just say the word. We're always here for you /MT",Sun Nov 26 04:04:37 +0000 2017
2873,116385,"@SpotifyCares every single time someone sends a Spotify link, it never works the first time. I have to 
A L W A Y S press the link twice for it to work 🤦🏻‍♂️🤦🏻‍♂️ https://t.co/MZ9Ai1cFaT",Tue Nov 21 00:30:21 +0000 2017,2872,2873,"@116385 Hey there! Don't worry, help's here. Can you let us know the iPhone model you're using along with its iOS and Spotify versions? We'll see what we can suggest /MT",Tue Nov 21 00:42:55 +0000 2017
2875,116386,@SpotifyCares I'm using my facebook account as a method to log in.,Sat Nov 25 23:56:24 +0000 2017,2874,2875,@116386 We see. Could you DM us your Facebook profile's email address? We'll help out there /CG https://t.co/ldFdZRiNAt,Sat Nov 25 23:59:41 +0000 2017
2877,116386,@115888 Why?? https://t.co/YCUDOLf2za,Sat Nov 25 13:56:17 +0000 2017,2876,2877,@116386 Hey! Could you DM us your account’s email address? We’ll check this out backstage /CG https://t.co/ldFdZRiNAt,Sat Nov 25 22:35:14 +0000 2017
2934,116387,@SpotifyCares Spotify 8.4.24.871 Android version 7.0 device: a brand new Huawei mate 9 . I will look like an ass if it's a matter of just updates😊,Tue Oct 31 21:35:36 +0000 2017,2932,2934,"@116387 Thanks. Is it happening over 3G/4G, WiFi, or both? Does logging out, fully closing the app, and restarting your device help? /KC",Tue Oct 31 22:56:28 +0000 2017
2933,116387,"@SpotifyCares Over all connection, I get this notification from the phone as for loving in and out I did a fresh install, no luck!",Wed Nov 01 03:29:52 +0000 2017,2935,2933,@116387 Can you DM us your account's email address? We'll check things out /KC https://t.co/ldFdZRiNAt,Wed Nov 01 04:14:45 +0000 2017
2937,116387,@115888 the app is killing #phone #battery  fixing this problem? How is this okay. I guess you are getting the money without any complaints,Tue Oct 31 21:20:49 +0000 2017,2936,2937,"@116387 Hey! What device, operating system, and Spotify version are you using? We'll see what we can suggest /CB",Tue Oct 31 21:28:41 +0000 2017
2939,116388,"@115888 this layout looks nice, but really isn’t friendly to left handed users.. my thumb isn’t long enough to hit play! https://t.co/f0mPzFgVcV",Tue Oct 31 22:39:10 +0000 2017,2938,2939,"@116388 Hey! We hear you 🎧 Rest assured, your feedback will be passed on to the right folks /RH",Tue Oct 31 22:49:47 +0000 2017
2944,116391,"Dear @115888 how do i get my discovery playlist to stop suggesting Dutch music to me, it's been a year",Tue Oct 31 21:56:15 +0000 2017,2943,2944,@116391 Hi there! Can you DM us your account's email address or username? We'll take a look backstage /NQ https://t.co/ldFdZRiNAt,Tue Oct 31 22:48:51 +0000 2017
2946,116392,@SpotifyCares is there anyway to move songs around so they're in my order and not the order of when I added them...if that makes sense?,Tue Oct 31 22:07:04 +0000 2017,2945,2946,@116392 Hi Thomas. It makes total sense! This link should help you sort your awesome tracks: https://t.co/5hjtm5AdqM /LS,Tue Oct 31 22:47:21 +0000 2017
2949,116393,"@SpotifyCares Hi. My @115888 playlists idea's status got changed + can't receive any votes. They sent me a link to a ""similar idea"", but it's closed.",Tue Oct 31 21:47:00 +0000 2017,2947,2949,@116393 Hi Daniel! Can you send us the link to the idea you posted? We'll take a look at what happened 🙂 /NH,Tue Oct 31 22:46:05 +0000 2017
2948,116393,@SpotifyCares Thanks. Here's the link: https://t.co/Luc4FiDrIm,Tue Oct 31 23:03:45 +0000 2017,2950,2948,@116393 2: resending your ideas and using keywords that will help your idea easier to find /RB,Tue Oct 31 23:18:07 +0000 2017
2952,116393,"@SpotifyCares What keywords besides ""playlist"", ""playlists"", + ""song"" would I use?",Tue Oct 31 23:24:38 +0000 2017,2953,2952,"@116393 We suggest using keywords similar to those used in the suggested idea. If you need anything else, give us a shout /RB",Tue Oct 31 23:30:40 +0000 2017
2954,116393,@SpotifyCares I feel like my idea has similar keywords as the one I was told to go to – that's closed and can no longer be voted on.,Tue Oct 31 23:36:18 +0000 2017,2955,2954,"@116393 We hear you. Rest assured, your feedback will be passed on to the right folks /RB",Tue Oct 31 23:42:42 +0000 2017
2948,116393,@SpotifyCares Thanks. Here's the link: https://t.co/Luc4FiDrIm,Tue Oct 31 23:03:45 +0000 2017,2951,2948,@116393 1: Thanks! Ideas usually get closed because they're unable to garner enough votes. We suggest...,Tue Oct 31 23:17:59 +0000 2017
2957,116393,@SpotifyCares Thanks!,Sat Oct 07 22:14:57 +0000 2017,2956,2957,"@116393 You're welcome! If anything else comes up, we're just one tweet away. Have a https://t.co/cPbDPiAv92 🙂 /BH",Sat Oct 07 22:18:05 +0000 2017
2959,116393,"@SpotifyCares I've dragged so many songs to the same playlists over + over. One of the aims of technology is to make everyday tasks easier, right? =]",Sat Oct 07 20:07:09 +0000 2017,2958,2959,@116393 Hey Daniel this sounds like a great idea! Suggest it in our Community at https://t.co/rtDvYZOF32 and get support from other users /BH,Sat Oct 07 22:09:59 +0000 2017
2963,116394,"Hey @SpotifyCares did you take ""You shook me all night long"" off spotify just to piss me off? Why remove the greatest song ever made?",Tue Oct 31 19:59:54 +0000 2017,2961,2963,"@116394 Hey Dustin, we're sorry to hear that! Can you let us know the name of the artist of that track? We'll check it out /NS",Tue Oct 31 22:45:23 +0000 2017
2962,116394,@SpotifyCares AC/DC....,Tue Oct 31 22:46:10 +0000 2017,2964,2962,@116394 Thanks. Sometimes content gets temporarily removed because of licensing changes. Hopefully we'll have it available again soon! /NS,Tue Oct 31 23:09:07 +0000 2017
2965,116394,"@SpotifyCares Well done, guys. 👍🏼 https://t.co/s9HZ9EqjEX",Wed Nov 01 19:25:58 +0000 2017,2966,2965,"@116394 Sorry about that. We’d love to have all of their stuff available, but we have some info about content here: https://t.co/MEjmIRL2eB /JQ",Wed Nov 01 20:00:38 +0000 2017
2969,116395,@SpotifyCares It’s on the mobile app,Tue Oct 31 22:34:21 +0000 2017,2967,2969,@116395 Alright. Can you send us the Song Link then? Just tap the three dots &gt; Share &gt; Copy Link. We'll have a look /AG,Tue Oct 31 22:45:07 +0000 2017
2968,116395,@SpotifyCares https://t.co/T85iGba29f,Tue Oct 31 23:01:35 +0000 2017,2970,2968,@116395 Got it. Are you getting a specific error message when you try playing this track? A screenshot of it would come in handy /KB,Tue Oct 31 23:15:33 +0000 2017
2972,116395,My only Halloween song won’t play and I’m starting to get upset. @115888 help,Tue Oct 31 22:24:59 +0000 2017,2971,2972,"@116395 Hey there! Can you send us the Spotify URI? Just right-click the track &gt; Share &gt; URI. Also, what country is your Spotify account set to? /AG",Tue Oct 31 22:32:11 +0000 2017
3888,116649,@SpotifyCares Okay! I did it! Thanks,Tue Oct 31 22:44:58 +0000 2017,3887,3888,@116649 We've just sent a DM your way. Let's carry on chatting there /AN,Tue Oct 31 23:08:12 +0000 2017
3890,116649,@SpotifyCares What should I do in this cases? Thanks in advance! (2),Tue Oct 31 20:08:43 +0000 2017,3889,3890,@116649 Hi Nico! Can you send us a DM with your account's email address or username? We'll take a look under the hood /XF https://t.co/ldFdZRiNAt,Tue Oct 31 22:39:53 +0000 2017
3893,116650,@SpotifyCares And this is why I’ll love Spotify forever and why you are my favorite music platform. Thank you! 🙏🏽💯❄️,Tue Oct 31 23:05:59 +0000 2017,3892,3893,"@116650 You're welcome! If you ever need us again, just give us a shout. https://t.co/m4HWSbgHVZ 🙂 /LO",Tue Oct 31 23:08:45 +0000 2017
3895,116650,"@SpotifyCares I dunno what system you use that decides which part of the song it gonna play- I love Spotify, but maybe a custom clip option?",Tue Oct 31 22:59:08 +0000 2017,3894,3895,@116650 This sounds like a great idea! Suggest it in our Community at https://t.co/rtDvYZOF32 and get support from other users /LO,Tue Oct 31 23:04:26 +0000 2017
4997,116885,@SpotifyCares what happened to the iOS tap and hold to preview a song feature? I loved it for queuing songs to a playlist.,Tue Oct 31 23:18:52 +0000 2017,4994,4997,@116885 Hey! We have more info about this here: https://t.co/pXBCq8GlsI. Give us a shout if you have any questions /RH,Tue Oct 31 23:29:29 +0000 2017
4995,116885,"@SpotifyCares That stinks. Can you make it a feature, off by default, that I can enable?",Wed Nov 01 00:48:02 +0000 2017,4998,4995,@116885 We hear you. We can’t make any promises but we’ll pass your feedback onto the right folks /RH,Wed Nov 01 00:54:21 +0000 2017
4999,116885,@SpotifyCares I used to use that feature as an example of great UX. 😂🙈🙉🙊,Wed Nov 01 22:04:38 +0000 2017,5000,4999,"@116885 We understand. Don't worry, we'll let the right team know it's something you'd like to see again /NS",Wed Nov 01 22:07:17 +0000 2017
4996,116886,"@SpotifyCares @116885 I can't fathom why you'd get rid of such an unique, useful feature. us heavy-users feel truly alienated/betrayed. please make this right!",Thu Nov 02 08:23:15 +0000 2017,5001,4996,"@116886 Hey Paula, we appreciate your feedback! Don't worry, we'll let our devs know this is something you'd like to see again /GK",Thu Nov 02 09:04:10 +0000 2017
5005,116885,"@116886 @SpotifyCares The truth is, although Spotify Cares, they've obviously already found the feature to not be useful to the masses. We are outliers. 😓",Fri Nov 03 12:31:33 +0000 2017,5006,5005,"@116885 We're sorry if you feel that way. In any case, we appreciate your feedback on this. Feel free to tweet us if there's anything else /GK",Fri Nov 03 14:53:51 +0000 2017
5009,116887,@116888 @SpotifyCares Same exact issue. Sound won’t play more than 50% although i have it on full,Tue Oct 31 23:13:39 +0000 2017,5007,5009,@116887 Hey! The cavalry's here. Could you confirm the iOS and Spotify version you're using? We'll see what we can suggest /KB,Tue Oct 31 23:28:06 +0000 2017
5008,116887,@SpotifyCares Spotify 8.4.25.906 and iOS 11,Wed Nov 01 00:08:08 +0000 2017,5010,5008,"@116887 Got it. Is this happening on 3G/4G, WiFi, or both? Do you get the same issue when you use Spotify on other devices? /KB",Wed Nov 01 00:09:50 +0000 2017
5011,116887,@SpotifyCares No just on my phone since I installed iOS 11. Mostly on 3G/4g. It’s very random when it decides not to work.,Wed Nov 01 08:05:27 +0000 2017,5012,5011,"@116887 Are you getting any error messages when it happens? Is it happening when you're using earphones, or even without them? /PL",Wed Nov 01 08:42:36 +0000 2017
5013,116887,"@SpotifyCares Nothing, same problem seems to be happening to a lot of people.",Wed Nov 01 09:14:03 +0000 2017,5014,5013,@116887 We understand. Can you check if the steps here do the trick: https://t.co/cxGHt0bCR8? /PL,Wed Nov 01 09:24:08 +0000 2017
5015,116887,@SpotifyCares Didn’t work,Wed Nov 01 09:53:43 +0000 2017,5016,5015,@116887 Hmm. Can you DM us your account's email address or username? We'll take a look backstage /KM https://t.co/ldFdZRiNAt,Wed Nov 01 12:03:50 +0000 2017
5020,116889,"@SpotifyCares BTW I have a confirmation email to say my email address was updated, then got an email to say my subscription had been cancelled?",Tue Oct 31 23:17:27 +0000 2017,5019,5020,@116889 Hey Lauren! Can you DM us your account's email address or username? We'll take a look /NS https://t.co/ldFdZRiNAt,Tue Oct 31 23:27:42 +0000 2017
5023,116890,@SpotifyCares They're back now. I was on my phone's 4g earlier. I don't know what happened but when I connected to my wifi it returned. Thank you though.,Tue Oct 31 23:12:05 +0000 2017,5022,5023,@116890 2: with anything else. https://t.co/m4HWSbgHVZ 🙂 /LO,Tue Oct 31 23:27:34 +0000 2017
5026,116890,@SpotifyCares  All of my songs disappeared from My Songs. They're still in the playlist but I'm not able to view them. https://t.co/lP9IHtod1M,Tue Oct 31 18:27:35 +0000 2017,5025,5026,"@116890 Hey, help's here! Can you try logging in on another device or the web player (https://t.co/aT5o0wcN4V)? Are you seeing your songs? /JP",Tue Oct 31 19:02:29 +0000 2017
5029,116891,@115888 the new iOS is making your app way less usable. Would fancy walking around with a boom box after this update.,Tue Oct 31 22:47:02 +0000 2017,5027,5029,@116891 Hey there! Can you tell us more about what's happening exactly? We'll see what we can suggest /AR,Tue Oct 31 23:24:15 +0000 2017
5028,116891,@SpotifyCares Doesn’t show in lock screen. Can’t adjust volume of phone isn’t unlocked also.,Wed Nov 01 01:26:16 +0000 2017,5030,5028,@116891 Thanks for the info. Could you try logging out &gt; restarting your device &gt; logging back in to see if it helps? Keep us posted /AR,Wed Nov 01 01:30:50 +0000 2017
5031,116891,@SpotifyCares Works. Blame IOS update.,Wed Nov 01 01:52:38 +0000 2017,5032,5031,"@116891 Glad to hear everything's working okay now. If there's anything else we can help you with, just give us a... https://t.co/AUc7DGJpgF 🙂 /CH",Wed Nov 01 02:02:57 +0000 2017
5034,116892,"@115888 can you stop spamming me with ""would you like to open Waze?"" Fuck.",Tue Oct 31 22:54:07 +0000 2017,5033,5034,@116892 Hey there! Can you let us know which device and operating system you're using? We'll see what we can suggest /NQ,Tue Oct 31 23:20:47 +0000 2017
6485,117152,@117153 @SpotifyCares Im paying for premium but every time i log in it keeps saying free service,Sun Oct 08 22:59:03 +0000 2017,6484,6485,@117152 Hey there! Could you send us a DM with your account's email address or username? We'll take a look backstage /FR https://t.co/ldFdZRiNAt,Mon Oct 09 00:38:39 +0000 2017
6618,117167,@117168 when I watch an ad video and you say 30 mins ad free. I expect 30 mins ad free. Not 10 mins. https://t.co/1hmNwVarMm,Sun Oct 08 23:04:15 +0000 2017,6615,6618,"@117167 Hey Terry, that doesn't sound good! Did the app crash at any point during the 30 minutes? That can cause the ad-free time to reset /RA",Mon Oct 09 00:42:46 +0000 2017
6616,117167,@SpotifyCares Yes I did. The dude even said thanks for watching now enjoy your 30 mins of ad free music.,Mon Oct 09 00:53:22 +0000 2017,6619,6616,"@117167 Hmm, that's odd. We'll get this passed on to our devs so they can look into it. Give us a shout if you need anything else /RA",Mon Oct 09 00:55:20 +0000 2017
6620,117167,@SpotifyCares Ok! Thanks. I will let you know if it happens again. Thanks for every thing! https://t.co/WWH8AKTJUk,Mon Oct 09 00:57:17 +0000 2017,6621,6620,"@117167 You're welcome! If you ever need us again, just give us a... https://t.co/AUc7DGJpgF 🙂 /AR",Mon Oct 09 01:27:29 +0000 2017
6617,117167,@SpotifyCares No it didn't crash. I was cooking dinner and heard about 3 songs. Each song is about 2-3 mins. After the third song the ad played.,Mon Oct 09 00:45:12 +0000 2017,6622,6617,"@117167 Thanks for confirming! Just to check, did you definitely watch the video ad in full after hearing the offer? /RA",Mon Oct 09 00:52:06 +0000 2017
7008,117212,"Excuse me @115888 I have ✌🏽 songs that I never made available commercially, available on your service 🤔 who do I contact",Tue Oct 31 23:35:48 +0000 2017,7007,7008,"@117212 2: mobile, can you send us the Song Link instead? Just tap the three dots &gt; Share &gt; Copy Link. We look forward to your reply /JU",Tue Oct 31 23:43:39 +0000 2017
7011,117213,@117153 y'all charged my account 8 times ..... uhhh,Tue Oct 31 23:21:21 +0000 2017,7010,7011,@117213 Hey there! Could you send us a DM with your account's email address? We'll take a look backstage /FR https://t.co/ldFdZRiNAt,Tue Oct 31 23:30:59 +0000 2017
8207,117435,@SpotifyCares Help your boy out,Sun Nov 05 19:00:42 +0000 2017,8205,8207,"@117435 Hey there! Don't worry, help's here. Can you DM us your account's email address? We'll take a look backstage /MT https://t.co/ldFdZRiNAt",Sun Nov 05 22:53:35 +0000 2017
8224,117441,"@117153 I can't seem to get in due to the card or payment provider, yet I checked my card and it is 100% fine. Can you please fix this?",Sun Nov 05 19:05:37 +0000 2017,8223,8224,"@117441 Hi there! Can you DM us your account's email address or username, and a screenshot of the error message? We'll take a look backstage /NQ https://t.co/ldFdZRiNAt",Sun Nov 05 22:54:34 +0000 2017
8265,117444,@SpotifyCares is there an email i can message? Ive been trying to buy premuim for a few days but i keep getting the card bad day error.,Sun Nov 05 19:06:03 +0000 2017,8264,8265,"@117444 Hey, we can help here on Twitter! Could you send us a DM with your account's email address? We'll take a look backstage /CH https://t.co/ldFdZRiNAt",Sun Nov 05 22:55:22 +0000 2017
8291,117452,"@SpotifyCares add lyrics to all songs on ur app pls, apple music can do it u can too",Sun Nov 05 19:27:12 +0000 2017,8290,8291,"@117452 Hey! If you’re Premium, you can connect your Spotify account to the Musixmatch mobile app to enjoy lyrics: https://t.co/scvbRH6MhL /JS",Sun Nov 05 23:14:29 +0000 2017
8306,117458,@115888 so incredibly annoying that you don't work on roku 🙄,Sun Nov 05 19:25:22 +0000 2017,8305,8306,@117458 Hey Maggie! We have some info about the Spotify app on Roku here: https://t.co/titMn0j3Im. Give us a shout if there's anything else /MT,Sun Nov 05 23:14:47 +0000 2017
8425,117482,Will changing my password stop this person from using my @SpotifyCares? https://t.co/VHJyWGO25j,Sun Nov 19 00:31:46 +0000 2017,8423,8425,@117482 Hey Richard! We’re sorry to hear that. Check out https://t.co/QHn3ok8y2n for what to do next /CH,Sun Nov 19 02:26:13 +0000 2017
8424,117482,@SpotifyCares I login with facebook (__email__) - but i think my email account for spotify is my old one (__email__)  that is now defunct. What can I do?,Sun Nov 19 08:14:04 +0000 2017,8426,8424,@117482 We'd recommend deleting your last tweet as it contains sensitive account info. You can DM it to us instead /NY https://t.co/ldFdZRiNAt,Sun Nov 19 09:12:54 +0000 2017
8671,117212,@SpotifyCares Fasho thank you for the help,Tue Oct 31 23:55:59 +0000 2017,8670,8671,@117212 No worries! Just give us a shout if you need anything else. We're... https://t.co/zOXI69QSqg /JU,Tue Oct 31 23:58:22 +0000 2017
8673,117212,"@SpotifyCares Thanks 4 the speedy response but I think I discovered what’s going on, does the desktop app have a way to play music from personal folders?",Tue Oct 31 23:47:25 +0000 2017,8672,8673,@117212 2: here: https://t.co/SgMwFS1ONz. Let us know if you have other questions /JU,Tue Oct 31 23:54:07 +0000 2017
7008,117212,"Excuse me @115888 I have ✌🏽 songs that I never made available commercially, available on your service 🤔 who do I contact",Tue Oct 31 23:35:48 +0000 2017,7009,7008,"@117212 1: Hi there. Don't worry, we'll look into this. Can you send us the Spotify URI? Just right-click the track &gt; Share &gt; URI. If you're on...",Tue Oct 31 23:43:10 +0000 2017
8676,117525,@SpotifyCares Can't access my account. Annoyed that I have to tweet to get tech support for a service I pay for 😡,Tue Oct 31 23:56:39 +0000 2017,8675,8676,@117525 Hey Alex! Can you DM us your account's email address or username? We'll take a look backstage /RH https://t.co/ldFdZRiNAt,Tue Oct 31 23:58:09 +0000 2017
8678,117526,@SpotifyCares I have now tried a different computer on a different network with a different browser (Edge) &amp; still can't push play.,Tue Oct 31 23:50:22 +0000 2017,8677,8678,"@117526 Hmm, that's odd. Could you DM us your account's email address? We'll take a look under the hood /KB",Tue Oct 31 23:56:23 +0000 2017
8682,117526,@SpotifyCares Tried an incognito Chrome window.  No change.  Work has blocked https://t.co/JoK7ESpKMg in Firefox,Tue Oct 31 15:08:12 +0000 2017,8681,8682,@117526 Hmm. Does logging in on a different device show the same issue? Keep us updated /PC,Tue Oct 31 16:37:05 +0000 2017
8686,117526,"@SpotifyCares My web player is stuck in a commercial.  'Play' isn't an option.  Tried clearing cookies, etc. nothing helped. #ijustwantmusic https://t.co/LPxSjwjIHA",Mon Oct 30 19:22:02 +0000 2017,8685,8686,"@117526 Hi Andrea. Don't worry, help's here. Can you tell us what device and browser you're using? We'll see what we can suggest /JU",Mon Oct 30 22:50:16 +0000 2017
8689,117527,@SpotifyCares not sure why the app has been slow to load and glitching music for the past couple months. Samsung galaxy s5,Tue Oct 31 23:48:24 +0000 2017,8687,8689,@117527 Hey there! Can you let us know what Android and Spotify versions you're running? We'll see what we can suggest /NS,Tue Oct 31 23:50:44 +0000 2017
8688,117527,@SpotifyCares Android 6.0.1 and Spotify version 8.4.25.771 armV7,Wed Nov 01 19:08:33 +0000 2017,8690,8688,@117527 Thanks for that! Can you DM us your account's email address and username? We'll take a look backstage /KL https://t.co/ldFdZRiNAt,Wed Nov 01 19:37:15 +0000 2017
8693,117528,"@115888 you guys trying to make it harder to load local music? ""BROWSE FOR MUSIC"" Show me the song I added instead. Don't BS users.",Tue Oct 31 23:32:37 +0000 2017,8691,8693,@117528 Hey there! Can you let us know what's happening exactly? We'd love to lend a hand /KC,Tue Oct 31 23:50:08 +0000 2017
8697,117528,@SpotifyCares Checked the three dots and saw the download option and then my song appeared. It works.. but it feels hidden. Thank you for your interest :),Wed Nov 01 00:03:47 +0000 2017,8698,8697,@117528 You're welcome! We can see how that’d be handy. Thanks for taking the time to reach out – your feedback's been noted 📝 /KC,Wed Nov 01 00:08:03 +0000 2017
8701,117529,@SpotifyCares Added! - India 😊👍🏻,Tue Oct 31 23:42:55 +0000 2017,8699,8701,"@117529 Awesome! Fingers crossed we'll be available in India soon. If there's anything else, just give us a shout /RH",Tue Oct 31 23:45:34 +0000 2017
8700,117529,@SpotifyCares Shout! be in India soon ..,Sun Nov 05 05:15:16 +0000 2017,8702,8700,"@117529 We hear you. Rest assured, your feedback will be passed on to the right folks /NQ",Sun Nov 05 06:29:31 +0000 2017
8704,117529,@115888 why aren’t you available in India.. https://t.co/YUzA4qYDvv,Sun Oct 29 15:33:05 +0000 2017,8703,8704,@117529 Hey! We're launching in new countries as often as possible. Be sure to add your email at https://t.co/X8DVSX9QgM /CB,Sun Oct 29 18:42:30 +0000 2017
9356,117670,"@SpotifyCares 
Help on my spotify card please",Wed Nov 01 00:01:07 +0000 2017,9353,9356,@117670 Hey Eva! We've just sent you a DM. Let's continue chatting there /NS,Wed Nov 01 00:14:20 +0000 2017
9354,117670,@SpotifyCares Here is this pop up that keeps coming up,Wed Nov 01 02:10:13 +0000 2017,9357,9354,"@117670 Thanks, but we'd suggest deleting your tweet as it contains some sensitive info. Can you send it via DM? Let's continue chatting there /CH",Wed Nov 01 02:14:08 +0000 2017
9358,117670,@SpotifyCares I'm new at this how do i DELETE and what's dm,Wed Nov 01 02:15:57 +0000 2017,9359,9358,"@117670 2: To send us a DM or Direct Message (privately), just click on this link we've attached on this tweet /CH https://t.co/ldFdZRiNAt",Wed Nov 01 02:25:56 +0000 2017
9358,117670,@SpotifyCares I'm new at this how do i DELETE and what's dm,Wed Nov 01 02:15:57 +0000 2017,9360,9358,"@117670 1: To delete your tweet, just tap on the icon that looks like an arrow pointing down and select Delete Tweet from the options. /CH",Wed Nov 01 02:25:44 +0000 2017
9362,117671,@642 @115888 @SpotifyCares my spotify premium stopped working,Wed Nov 01 00:07:25 +0000 2017,9361,9362,@117671 Hey there! Can you DM us your account's email address? We'll take a look backstage /RB https://t.co/ldFdZRiNAt,Wed Nov 01 00:09:57 +0000 2017
9365,117672,@115888 @SpotifyCares When will you add an explicit filter?  My kids don't want to hear those songs.,Tue Oct 31 23:59:29 +0000 2017,9363,9365,@117672 2: recommend showing your support for the idea here: https://t.co/CdI1SY9KZE /KB,Wed Nov 01 00:02:06 +0000 2017
9364,117672,@SpotifyCares Done - but disappointed this post has been running since 2012 and nothing has been done about it.  #GiveListenersTheChoice,Wed Nov 01 00:13:27 +0000 2017,9366,9364,@117672 2: Rest assured we'll pass your feedback on to the right folks. Let us know if there's anything else we can help with /KB,Wed Nov 01 00:20:12 +0000 2017
9364,117672,@SpotifyCares Done - but disappointed this post has been running since 2012 and nothing has been done about it.  #GiveListenersTheChoice,Wed Nov 01 00:13:27 +0000 2017,9367,9364,@117672 1: Thanks for pitching in! Our team keeps a close eye on all submissions posted on our Community page.,Wed Nov 01 00:20:03 +0000 2017
9371,117673,@SpotifyCares Yes the music works fine no problem. Just the lock screen functionality has completely disappeared,Tue Oct 31 23:57:08 +0000 2017,9369,9371,@117673 Can you DM us your account's email address? We'll take a look backstage /KC https://t.co/ldFdZRiNAt,Wed Nov 01 00:01:59 +0000 2017
9373,117673,@SpotifyCares iOS 11.0.3 and the Spotify version is 8.4.25,Tue Oct 31 12:55:02 +0000 2017,9372,9373,"@117673 Just to check, are you able to play music fine, but the lock-screen controls are unavailable? We'll keep an eye out for your reply /MU",Tue Oct 31 14:29:07 +0000 2017
9375,117673,@SpotifyCares I have logged in to multiple devices as well. All iPhones with iOS 11 updates. Same problem,Tue Oct 31 02:59:13 +0000 2017,9374,9375,@117673 Hmm. Could you give us the exact iOS 11 and Spotify app versions you're using? We'll see what else we can suggest /JU,Tue Oct 31 03:12:22 +0000 2017
9377,117673,@SpotifyCares Then after about 5 hours it glitches again,Mon Oct 30 19:52:59 +0000 2017,9376,9377,@117673 Will it be possible if you can log in to another device? Give us a shout if anything comes up /SJ,Mon Oct 30 20:18:16 +0000 2017
9380,117673,@SpotifyCares Yes! It is a constant problem on the iOS 11 update. Like I said I’m not the only 1 encountering the problem.,Mon Oct 30 19:07:37 +0000 2017,9378,9380,@117673 Thanks. Can you try reinstalling the app? You can find the steps for your device at https://t.co/cxGHt0bCR8. Keep us posted /SJ,Mon Oct 30 19:32:09 +0000 2017
9383,117673,@SpotifyCares please fix ASAP I hate Apple Music I don’t want to use them 😩,Mon Oct 30 13:07:06 +0000 2017,9382,9383,"@117673 Hey, help's here! Is it still missing after logging out, restarting the app, then logging back in? Let us know how it goes /SJ",Mon Oct 30 14:59:52 +0000 2017
9385,117674,"@SpotifyCares Thanks. If you want to see the finest release notes known to man, check out the Argos app's release history. They add brand value!",Tue Oct 31 23:58:22 +0000 2017,9384,9385,@117674 We'll keep that in mind! Just give us a shout if you need anything else. We're... https://t.co/zOXI69QSqg /JU,Wed Nov 01 00:00:32 +0000 2017
9387,117674,Love these detailed updates from @115888 / @SpotifyCares - so great to download nearly 100MB of ???? each week or two! https://t.co/1s2FST7vuY,Tue Oct 31 21:04:08 +0000 2017,9386,9387,@117674 Hi Caspar. Thanks for bringing this up. We’re always testing things in order to improve &amp; we'll pass on your thoughts to our devs /JU,Tue Oct 31 23:00:12 +0000 2017
10718,117978,@SpotifyCares Stop showing me diaper ads. I don't have a baby.,Wed Nov 01 00:35:28 +0000 2017,10717,10718,@117978 Hey! Sorry about that. We'll pass the feedback on to the right people /RB,Wed Nov 01 00:37:38 +0000 2017
10720,117979,@115888 Hi. I can't log on to my premium account. Are there any problems at your end?,Wed Nov 01 00:29:37 +0000 2017,10719,10720,@117979 Hey there! Could you send us a DM with your account's email address? We'll take a look backstage /FR https://t.co/ldFdZRiNAt,Wed Nov 01 00:36:35 +0000 2017
11166,118116,@SpotifyCares And is that causing the other issue where nothing will play on sonos thru Spotify app?,Wed Nov 01 00:46:04 +0000 2017,11164,11166,@118116 Can you DM us the username or email address so we can pull up the account and take a closer look? /JU https://t.co/ldFdZRiNAt,Wed Nov 01 00:57:03 +0000 2017
11169,118116,@SpotifyCares They aren’t locally imported… We just imported her iTunes playlist in Spotify so it found identical songs. Is that why they are greyed out?,Wed Nov 01 00:31:43 +0000 2017,11167,11169,@118116 You're right. It's possible that some tracks from her iTunes isn't available on Spotify. This is why you can't play these tracks /JU,Wed Nov 01 00:41:06 +0000 2017
11171,118116,@SpotifyCares @118117 Why does it say “can’t play this right now” and why are playlist songs greyes out (originally imported from iTunes),Tue Oct 31 19:37:31 +0000 2017,11170,11171,"@118116 Hey Andy! Since Sonos streams directly from Spotify's catalog, it's not possible to play your local files. Hope this clarifies things /JP",Tue Oct 31 19:53:57 +0000 2017
11174,118118,"@SpotifyCares Done , thanks! ;) #launchInIndiaSoon 🤣😂🤣",Wed Nov 01 00:53:54 +0000 2017,11173,11174,"@118118 You're welcome. If you have any other questions, just give us a shout. Take care! /KC",Wed Nov 01 00:55:17 +0000 2017
11176,118118,"@SpotifyCares @115888
Just checked , still unavailable",Wed Nov 01 00:45:38 +0000 2017,11175,11176,"@118118 We haven't launched there yet, but hopefully we'll get there soon. Make sure to add your email in the link we sent earlier. Stay tuned 😁 /KC",Wed Nov 01 00:53:18 +0000 2017
11178,118118,Hey @115888  what about being available in India???,Tue Oct 31 23:12:31 +0000 2017,11177,11178,@118118 Hey there! We're launching regularly in countries around the world. Sign up here to be first to hear: https://t.co/XDwWzj7cLP 🙂 /KC,Tue Oct 31 23:25:59 +0000 2017
11712,118265,@118266 halo skrg kok udh gak ada pilihan bayar pakai pulsa ya untuk berlangganannya?,Wed Nov 01 00:45:16 +0000 2017,11711,11712,"@118265 Hey! We can help out in English via Twitter, but we also have Indonesian support via email at https://t.co/ZgU70TbP8M /JS",Wed Nov 01 01:14:27 +0000 2017
12073,118383,@115888 My kids wanted premium but your student deals are only for college/ uni kids. Won't you consider the younger kids that are addicted to Spotify too?,Wed Nov 01 00:54:41 +0000 2017,12069,12073,"@118383 2: You might be interested in Premium for Family. More info at https://t.co/KJ8ayuKPFM. Any questions, give us a shout 🙂 /KC",Wed Nov 01 01:25:13 +0000 2017
12071,118383,@SpotifyCares Nevermind. I just googled it 😬,Wed Nov 01 02:29:05 +0000 2017,12074,12071,@118383 No worries! You know where to find us if there's anything else you need help with. https://t.co/uEkAlnxbzn 😉 /CH,Wed Nov 01 02:30:04 +0000 2017
12073,118383,@115888 My kids wanted premium but your student deals are only for college/ uni kids. Won't you consider the younger kids that are addicted to Spotify too?,Wed Nov 01 00:54:41 +0000 2017,12075,12073,"@118383 1: Hey there! We don't have any info on this right now, but we'll let the right team know it's something you'd like to see. /KC",Wed Nov 01 01:25:04 +0000 2017
12082,118384,@115888 web player gets broken sound in Chrome and does not work at all in Safari. Nice work.,Wed Nov 01 01:05:30 +0000 2017,12081,12082,@118384 Hey! The cavalry's here. Can you try the steps at https://t.co/7QTtcOL36B? Let us know how it goes /JS,Wed Nov 01 01:25:01 +0000 2017
12084,118385,@115888 can you please bring back the „touch preview“ feature??? Please? 😭🙏🏼,Wed Nov 01 00:56:14 +0000 2017,12083,12084,@118385 Hey Maria! We have more info about this here: https://t.co/pXBCq8GlsI. Give us a shout if you have any questions /FR,Wed Nov 01 01:21:56 +0000 2017
12086,118386,@115888 I need help with my account I keep getting charged for an account that is on the free subscription but was once premium,Wed Nov 01 00:45:27 +0000 2017,12085,12086,@118386 Hi there! Can you DM us your account's email address or username? We'll take a look backstage /NQ https://t.co/ldFdZRiNAt,Wed Nov 01 01:20:31 +0000 2017
12088,118387,@SpotifyCares Well seeing as it didn't work anyway I can't see this a bad thing. Hopefully you will get it fixed soon. Seeing as it's been &gt;6 months,Wed Nov 01 01:13:55 +0000 2017,12087,12088,"@118387 Fingers crossed that an update would be available soon. For the meantime, let us know if you have other questions /JU",Wed Nov 01 01:19:08 +0000 2017
12090,118387,@SpotifyCares @SpotifyCares does this work on roku yet?,Wed Nov 01 01:00:26 +0000 2017,12089,12090,"@118387 As we look to improve the overall Spotify experience, we are removing the app from Roku. There's more info here: https://t.co/D2p6hgpCoW /JU",Wed Nov 01 01:11:44 +0000 2017
12647,118533,@SpotifyCares.  Set up family premium. put wrong address. canceled. now can't set up new account w my email address. U make me pay? Help!,Wed Nov 01 01:35:26 +0000 2017,12646,12647,"@118533 Hey Michael, help's here! Can you DM us your account's email address? We'll take a look backstage /KC https://t.co/ldFdZRiNAt",Wed Nov 01 01:37:18 +0000 2017
14406,119078,"@SpotifyCares 
My family premium account has stopped working, even though we have payed this month, it was working last week",Wed Nov 01 02:27:18 +0000 2017,14405,14406,@119078 Hey Jacob! Could you send us a DM with your account's email address? We'll take a look backstage /FR,Wed Nov 01 02:29:47 +0000 2017
14941,119239,@116380 yo you've uploaded the wrong song under Weezer's 'QB Blitz' 😂😂,Wed Nov 01 02:50:41 +0000 2017,14940,14941,@119239 @116380 Hi Sarah! We've just sent you a bit more info over DM. We'll carry on helping out there /JS,Wed Nov 01 02:55:14 +0000 2017
14943,119240,@115888 https://t.co/IZGJd5KWjz put this on spotify please,Wed Nov 01 01:35:57 +0000 2017,14942,14943,"@119240 Hey! We’d love to have all of his stuff available, but we have some info about content here: https://t.co/0i8GpimuDa /NQ",Wed Nov 01 02:46:44 +0000 2017
14945,119241,"@SpotifyCares Ok, thanks.",Wed Nov 01 02:44:02 +0000 2017,14944,14945,@119241 You're welcome! Let us know if ever you need anything else 😁 /NS,Wed Nov 01 02:45:33 +0000 2017
15665,119445,"@115888 I tried to upgrade to premium for 6.99 and my card was charged twice, and i am not even upgraded..please advice!",Wed Nov 22 09:16:38 +0000 2017,15664,15665,@119445 Hey there! Can you DM us your account's username and email address? We'll take a look backstage /SY https://t.co/ldFdZRiNAt,Wed Nov 22 14:07:06 +0000 2017
15747,119468,@115888 Give me a song to jam to so I forget about my no good ex who was a selfish prick. No country though thanks💕,Wed Nov 01 03:02:58 +0000 2017,15745,15747,@119468 Hey there! Here's a whole playlist of songs we think might help: https://t.co/k0bYw0dCVA /NQ,Wed Nov 01 03:27:50 +0000 2017
15746,119468,@SpotifyCares You DO care 😭,Wed Nov 01 03:33:08 +0000 2017,15748,15746,@119468 We sure do. Feel free to send a tweet our way if you ever need any help with anything 🙂 /NQ,Wed Nov 01 04:02:24 +0000 2017
16201,119557,@SpotifyCares :(( okay. thank you anyways,Wed Nov 01 03:35:36 +0000 2017,16200,16201,@119557 No worries! Let us know if you ever need us again. We'd be... https://t.co/LgAM6ky9Vv /MG,Wed Nov 01 03:37:43 +0000 2017
16203,119557,"@SpotifyCares hi. can you pretty, pretty please put the band ""jank""
back on spotify?",Wed Nov 01 03:05:30 +0000 2017,16202,16203,@119557 Hey Claire! Sometimes content gets temporarily removed because of licensing changes. Hopefully we'll have them available again soon /MG,Wed Nov 01 03:30:14 +0000 2017
16206,119558,@115888 Hi. When are you guys having promo for the premium accs? Thanks :),Wed Nov 01 03:09:56 +0000 2017,16204,16206,"@119558 Hey! We don't have any info about this right now, but we'll be sure to pass on your feedback to the right folks /NQ",Wed Nov 01 03:33:35 +0000 2017
16205,119558,@SpotifyCares Thank you. Will keep an eye on that.,Wed Nov 01 03:34:36 +0000 2017,16207,16205,@119558 You're welcome. Let us know if you ever need us again. We'd be... https://t.co/LgAM6ky9Vv /NQ,Wed Nov 01 03:59:20 +0000 2017
16211,119559,@115888 why has this stopped working on PS4?? Am I messing up a setting?,Wed Nov 01 02:51:06 +0000 2017,16208,16211,@119559 Hi there! What's happening exactly? Are you having issues loading the app? We'll see what we can suggest /NQ,Wed Nov 01 03:29:44 +0000 2017
16533,119645,@115888 I don't get it. Do you not get to pick what you listen to anymore? Is this a cult? https://t.co/llzqflREow,Wed Nov 01 03:33:17 +0000 2017,16531,16533,@119645 Hey there! Can you let us know what's happening exactly? We'll see what we can suggest /NS,Wed Nov 01 03:48:42 +0000 2017
16532,119645,"@SpotifyCares First it was quiet, then a ring of people closed in on me from the shadows, chanting Top 100 hits. Before I knew it, I woke in a cold sweat.",Wed Nov 01 03:52:35 +0000 2017,16534,16532,"@119645 Haha, that's a good one! Let us know if you need anything else 😁 /NS",Wed Nov 01 04:01:26 +0000 2017
16943,119724,@SpotifyCares I uninstalled another program just to be sure it wasn't a problem with my computer but it worked fine.,Wed Nov 01 03:47:46 +0000 2017,16941,16943,@119724 Hey there! Are you able to uninstall the app after restarting your computer? We'll see what else we can suggest /NQ,Wed Nov 01 04:00:01 +0000 2017
16942,119724,@SpotifyCares No I can't,Wed Nov 01 04:13:26 +0000 2017,16944,16942,@119724 2: startup options here: https://t.co/RiTzQF2Sip. Keep us posted /NQ,Wed Nov 01 04:17:35 +0000 2017
16942,119724,@SpotifyCares No I can't,Wed Nov 01 04:13:26 +0000 2017,16945,16942,"@119724 1: Can you try restarting your computer in Safe Mode with Networking, then uninstalling the app? There's more info about advanced...",Wed Nov 01 04:17:14 +0000 2017
16946,119724,@SpotifyCares I tried uninstalling the program in safe mode but it still doesn't work,Thu Nov 02 06:40:00 +0000 2017,16947,16946,@119724 Can you DM us your account's email address or username? We'll take a look backstage /NQ https://t.co/ldFdZRiNAt,Thu Nov 02 06:54:25 +0000 2017
17067,119768,@SpotifyCares  your customer service is poor.... today I was advised to change the password on my hacked account ... might be a challenge don’t you think ?!,Fri Dec 01 05:39:08 +0000 2017,17066,17067,@119768 Sorry to hear you feel that way. We've just sent you more info via DM. We'll continue helping out there /LS,Fri Dec 01 06:37:01 +0000 2017
17178,119789,Dammit! @115888 just RickRolled us! I may have to cancel my subscription for that…,Fri Dec 01 05:47:16 +0000 2017,17176,17178,@119789 Hey Eric! Can you let us know what's happening exactly? We'll see what we can do /NS,Fri Dec 01 06:30:13 +0000 2017
17177,119789,"@SpotifyCares No worries. It was just this that happened. 

https://t.co/Wy1mUOr1VK",Fri Dec 01 17:22:23 +0000 2017,17179,17177,@119789 Whew! Guess that means we're meant to be... https://t.co/F7KvE0pw2o 😉 /NH,Fri Dec 01 19:27:54 +0000 2017
17294,119811,@SpotifyCares I have! I’m able to play the playlist on my computer but it won’t sync to my phone and this comes up when I go into the playlist on my phone https://t.co/YI495wlYlX,Wed Nov 01 04:10:44 +0000 2017,17293,17294,@119811 Hmm. Can you DM us your account's email address? We'll see what we can suggest /GS https://t.co/ldFdZRiNAt,Wed Nov 01 04:25:54 +0000 2017
17296,119811,@SpotifyCares hi I’m having problems getting local files to show in my iphone,Wed Nov 01 04:02:56 +0000 2017,17295,17296,"@119811 Hi! Just to confirm, have you followed the steps at https://t.co/SgMwFS1ONz? If so, at what point did you get an issue? We'll check it /GS",Wed Nov 01 04:08:31 +0000 2017
17964,119986,@SpotifyCares I really hope it comes to the west soon. Thanks for answering.,Wed Nov 01 04:07:05 +0000 2017,17963,17964,"@119986 You're welcome! If you ever need help with anything else, just give us a... https://t.co/AUc7DGJpgF 🙂 /AR",Wed Nov 01 05:03:56 +0000 2017
17966,119986,@SpotifyCares https://t.co/MUE1aQFaeH And country is Germany but a friend mine is in the US and only sees those 2 songs as well in the latest album.,Wed Nov 01 03:51:06 +0000 2017,17965,17966,@119986 Thanks for the info. Sometimes content gets removed due to licensing issues. Hopefully we'll have all of their stuff available soon /AR,Wed Nov 01 04:00:54 +0000 2017
17968,119986,"@1460 @1461 @115888 @SpotifyCares Can you help me out with this, I don't know who else to contact. I really like this artist and only having 2 songs sucks.",Wed Nov 01 03:13:45 +0000 2017,17967,17968,"@119986 Hey! Can you send us the Spotify URI of the artist you're referring to? Also, what country is your account set to? We'll check backstage /AR",Wed Nov 01 03:35:32 +0000 2017
18467,120105,"@SpotifyCares I want to change username to artist name to keep followers, playlists etc. Can this be done? Been a long time paid user.",Wed Nov 01 02:28:54 +0000 2017,18466,18467,@120105 Hey! We've just sent a DM your way. Let's carry on chatting there /NQ,Wed Nov 01 05:36:28 +0000 2017
18469,120106,@spotifycares wheres twicetagram by twice,Wed Nov 01 05:30:55 +0000 2017,18468,18469,"@120106 Hey! Fingers crossed we'll be able to have it soon, but there's info about Spotify content here: https://t.co/0i8GpimuDa /RH",Wed Nov 01 05:32:17 +0000 2017
19242,120273,Ini kenapa setiap buka app mesti log-in lagi? @118266,Wed Nov 01 06:13:42 +0000 2017,19241,19242,"@120273 Hey! We can help out in English via Twitter, but we also have Indonesian support via email at https://t.co/ZgU70TbP8M /NQ",Wed Nov 01 06:17:14 +0000 2017
19785,120342,@115888 hi how do I contact someone?,Wed Nov 01 06:33:36 +0000 2017,19784,19785,@120342 @115888 Hey Chloe! We just replied to your DM. We'll carry on helping out there /KC,Wed Nov 01 06:39:12 +0000 2017
20087,120417,I've 4gotten my email address I used&amp;the password 4my spotify account..Only have the username..How do I delete my account @SpotifyCares,Wed Nov 01 06:43:46 +0000 2017,20086,20087,"@120417 Hey there, help's here! Can you DM us your account's username? We'll see what we can suggest /MO https://t.co/ldFdZRiNAt",Wed Nov 01 06:45:20 +0000 2017
20541,120485,"@SpotifyCares My company want to cooprate with spotify, who can i contact with for this business thing?   pls hurry up",Wed Nov 01 07:01:38 +0000 2017,20540,20541,@120485 Hi there! We've just sent you a bit more info over DM /MA,Wed Nov 01 07:10:11 +0000 2017
20794,120555,@118266 2 hari yang lalu saya mendapat email tsb padahal data alamat tinggal tidak ada yang diubah mohon bantuannya https://t.co/VbB95ZFGDB,Wed Nov 01 07:00:09 +0000 2017,20793,20794,"@120555 Hey there! We can help out in English via Twitter, but we also have Indonesian support via email at https://t.co/XGIC7aZtMa /MA",Wed Nov 01 07:25:14 +0000 2017
21142,120632,Spotify and Hulu is like the only good thing to happen this year,Wed Nov 01 07:13:08 +0000 2017,21141,21142,@120632 No worries! Feel free to give us a shout if we can help with anything else. We're always... https://t.co/zOXI69QSqg​ /RS,Wed Nov 01 07:39:44 +0000 2017
21144,120633,@115888 but when will we be able to see how long our play queue is,Wed Nov 01 07:02:07 +0000 2017,21143,21144,@120633 Hey! We have more info about the Play Queue at https://t.co/G7PK3sVrTN. Let us know if there's anything else /RC,Wed Nov 01 07:34:21 +0000 2017
21370,120677,@SpotifyCares Hi please see my DM :),Wed Nov 22 14:50:16 +0000 2017,21369,21370,@120677 Hey Jan! We've just sent you a bit more info over DM. We'll carry on helping out there /CP,Wed Nov 22 15:29:50 +0000 2017
22010,120794,@115888 @SpotifyCares Feature Request: Spotify playlists separated from personally made ones. Like @115948 does. https://t.co/NgJiXFQRR1,Wed Nov 01 07:46:16 +0000 2017,22009,22010,"@120794 Hey Kevin, we appreciate your feedback! Don't worry, we'll let our devs know this is something you'd like to see /GK",Wed Nov 01 08:00:32 +0000 2017
22236,120859,@SpotifyCares @120860 This is very urgent and should be fast-tracked,Tue Oct 31 22:15:35 +0000 2017,22235,22236,"@120859 Thanks Peter! We understand it's a popular idea. Rest assured, we'll pass on your feedback about this to the right team, too /T",Wed Nov 01 08:21:51 +0000 2017
22239,120860,"Would be very cool @115888 if under ""New Releases"" things were separated by Album vs. Single &lt;3",Tue Oct 31 22:09:37 +0000 2017,22237,22239,@120860 This sounds like a great idea! Suggest it in our Community at https://t.co/rtDvYZOF32 so it can get support from other users 💚 /RR,Tue Oct 31 22:15:03 +0000 2017
22619,120940,"@SpotifyCares Thanks, Spot ver-1.0.66.478.g1296534d it's on a macbook pro Yosemite ver 10.10.5.",Wed Nov 01 07:48:14 +0000 2017,22617,22619,@120940 Thanks. Could you try logging out of the app and back in again? Does it now show your New Releases? /GK,Wed Nov 01 08:41:21 +0000 2017
22618,120940,@SpotifyCares Still not there :(,Wed Nov 01 20:23:51 +0000 2017,22620,22618,@120940 Got it. Could you DM us your username and email address? We'll take a closer look /JQ https://t.co/ldFdZRiNAt,Wed Nov 01 20:31:56 +0000 2017
22622,120940,"@SpotifyCares hi, my new releases for you has vanished. pls send help!",Mon Oct 30 09:28:21 +0000 2017,22621,22622,"@120940 Hey Yann, help's here! Can you let us know the device, operating system, and Spotify version you're using? We'll see what we can suggest /GK",Mon Oct 30 13:33:01 +0000 2017
23256,121067,"I'm quite fed up with this response @115888 ""the language of the emails we send is based on your account's country"". You've had YEARS.",Wed Nov 01 08:37:05 +0000 2017,23255,23256,"@121067 Sorry you feel that way. We can’t make any promises, but your feedback has been noted and passed onto the team /MA",Wed Nov 01 08:59:01 +0000 2017
23258,121068,"@115888 hey, how comes no other playlist displays the same as Time Capsule? I like it!",Wed Nov 01 08:22:31 +0000 2017,23257,23258,"@121068 Hey Lara, we appreciate your feedback! Don't worry, we'll let our devs know this is something you'd like to see /GK",Wed Nov 01 08:51:50 +0000 2017
23260,121069,"@SpotifyCares hi,can i shuffle all download music in one touch?",Wed Nov 01 08:08:35 +0000 2017,23259,23260,@121069 Hey there! Can you fire over the device and operating system you're using? We'll see what we can suggest /PL,Wed Nov 01 08:51:22 +0000 2017
23262,121070,"@115888, this seems miscategorized. https://t.co/DeENE8T8zR",Wed Nov 01 00:03:44 +0000 2017,23261,23262,@121070 Hi Matt! Thanks for pointing this out; we'll get this reported. We'll be right here if you need anything else in the meantime /T,Wed Nov 01 08:50:30 +0000 2017
23264,121071,@SpotifyCares why can’t I ever login? https://t.co/SHamUr6zUm,Wed Nov 22 12:31:12 +0000 2017,23263,23264,"@121071 Hey Margaret, help's here! Can you DM us your account's username and email address? We'll do some digging 🔍 /TR https://t.co/ldFdZRiNAt",Wed Nov 22 16:15:15 +0000 2017
23266,121072,@115888 Is the 1 month free trial offer still available?,Wed Nov 22 12:29:37 +0000 2017,23265,23266,"@121072 Hey Rue! Right now, the 30-day Premium trial is unavailable. If you haven't been on a subscription before, can you DM us your account's username and email address? We'll see what we can suggest /SY https://t.co/ldFdZRiNAt",Wed Nov 22 16:14:30 +0000 2017
23277,121073,@SpotifyCares  https://t.co/GvE0JBxILu,Wed Nov 01 08:29:31 +0000 2017,23275,23277,"@121073 Hmm. Is this happening after a specific song plays? Also, are you using a wired or wireless connection? /AY",Wed Nov 01 08:45:19 +0000 2017
23276,121073,"@SpotifyCares Every song, and no",Wed Nov 01 08:45:59 +0000 2017,23278,23276,"@121073 Just to confirm, are you listening on PlayStation via Connect? If so, what device, operating system, and Spotify version are you using? /AY",Wed Nov 01 08:58:02 +0000 2017
23279,121073,"@SpotifyCares Latest version, it only freezes when I play from the side menu on my ps4",Wed Nov 01 08:59:18 +0000 2017,23280,23279,@121073 Got it. Could you send us your account's email address or username via DM? We'll take a closer look /AY https://t.co/ldFdZRiNAt,Wed Nov 01 09:05:43 +0000 2017
23282,121073,@115888 your app is trash on PS4. freezes everyday,Wed Nov 01 07:20:22 +0000 2017,23281,23282,@121073 Hey! Can you tell us more about what's happening? Are you getting any error messages? A screenshot of what you can see would be handy /AY,Wed Nov 01 07:52:20 +0000 2017
24104,121194,@SpotifyCares Splendid,Wed Nov 01 09:01:40 +0000 2017,24103,24104,"@121194 Thanks for understanding. If we can help with anything else, just give us a shout /AY",Wed Nov 01 09:14:27 +0000 2017
24106,121194,@SpotifyCares Hello Spotify. Where has the settings-section gone in webplayer? Is it no longer possible to scrobble to Last.fm?,Wed Nov 01 07:40:06 +0000 2017,24105,24106,"@121194 Hey Nicolai! We're afraid it's currently not possible, but we appreciate your feedback. We'll get it passed on to the right folks /AY",Wed Nov 01 08:05:38 +0000 2017
24605,121306,@115888 why have all my songs gone from my app and been replaced by songs I have never listened to !!!! So annoying,Wed Nov 01 08:32:40 +0000 2017,24604,24605,@121306 Hey there! Could you send us a DM with your account's email address? We'll take a look backstage /MA https://t.co/ldFdZRiNAt,Wed Nov 01 09:14:54 +0000 2017
25399,121502,@115888 How?,Wed Nov 22 14:22:01 +0000 2017,25398,25399,"@121502 Hey there! The Intro Offer of ₱9 for 3 months is for those who haven't had Premium before. If you haven't been on a subscription in the past, head over to https://t.co/k4M4Rau9Gq to take this offer 😉 /SY",Wed Nov 22 16:57:11 +0000 2017
26005,121675,@115888 i’m waiting,Wed Nov 01 09:22:57 +0000 2017,26004,26005,"@121675 Hey there! We’d love to have all of Day6's stuff available, but we have some info about content here: https://t.co/0i8GpimuDa /GK",Wed Nov 01 09:48:36 +0000 2017
26007,121676,@SpotifyCares Thanks for your help. Had to entirely reset my phone (it died when I logged out of Spotify) That fixed the problem though. Cheers!,Wed Nov 01 08:53:04 +0000 2017,26006,26007,@121676 https://t.co/qAh6tkevrD! We're glad it's working now. You know where to find us if you need us again /KM,Wed Nov 01 09:48:09 +0000 2017
26009,121676,"@SpotifyCares Android V7.0, Samsung S7 Edge, Spotify V8.4.25.771armV7. Bluetooth controls work fine on all other media apps, play/pause dont work on sptfy",Tue Oct 31 14:24:06 +0000 2017,26008,26009,@121676 Got it. Can you try to see if logging out &gt; restarting your phone &gt; logging back in to your account makes a difference? /DV,Tue Oct 31 14:29:12 +0000 2017
26011,121676,@115888 alright lads. Love the app but can you sort the bluetooth issue out? I would like my headphone sto be able to pause and play pls.,Tue Oct 31 13:13:45 +0000 2017,26010,26011,"@121676 Hi, help's arrived! Can you let us know what's happening exactly? Also, what're your device's OS and Spotify versions? /DV",Tue Oct 31 14:18:40 +0000 2017
27001,121906,@121907 @SpotifyCares ขอบคุณค่ะ ^^,Wed Nov 01 10:08:03 +0000 2017,27000,27001,"@121906 Hey there! We can help out in English via Twitter, but we also have Thai support via email at https://t.co/ZgU70TbP8M /MA",Wed Nov 01 10:10:35 +0000 2017
27677,122049,"Dear @116130, why can I not listen to an Audiobook normal on the android app? Why does it only work on shuffle for non premium accounts? Sort of useless having the books available to those who don't subscribe.",Wed Nov 22 15:01:55 +0000 2017,27675,27677,"@122049 Hey there! We're afraid playing Audiobook on-demand is a Premium feature. Thanks for the feedback, we’ll get this passed onto the right team. For anything else, let us know /GU",Wed Nov 22 17:22:58 +0000 2017
27676,122049,@SpotifyCares So why let non premium customers even select them.? Pointless.,Wed Nov 22 17:41:59 +0000 2017,27678,27676,"@122049 Rest assured, your feedback has been passed on to the right team to look into. Give us a shout if you have any other questions /ZO",Wed Nov 22 19:53:43 +0000 2017
27954,122124,@SpotifyCares It's cool dw I thought it was a funny glitch. 😂😂 restarted the app and its all working now,Wed Nov 01 09:32:43 +0000 2017,27953,27954,@122124 Great! Glad to hear it's working. Just let us know if we can help with anything else. https://t.co/m4HWSbgHVZ 🙂 /AC,Wed Nov 01 10:38:57 +0000 2017
27956,122124,You ok spotify ?? https://t.co/T9Ds0oa5l8,Wed Nov 01 08:59:47 +0000 2017,27955,27956,"@122124 Hey, help's here. Does logging out and back in help at all? If the issue persists, try restarting the device. Let us know how it goes /AC",Wed Nov 01 09:32:04 +0000 2017
12092,122125,@SpotifyCares Why spotify not allowed in Saudi Arabia?????????? And when it will be allowed?? I waited for long time!!,Wed Nov 01 09:27:43 +0000 2017,27957,12092,@122125 Hey! We're launching in new countries as often as possible. Sign up here to be first to hear: https://t.co/XDwWzj7cLP /AC,Wed Nov 01 10:37:51 +0000 2017
27958,122125,@SpotifyCares You better not be late! https://t.co/hPTQBBUdAM,Wed Nov 01 11:12:54 +0000 2017,27959,27958,"@122125 We hear you 🎧 Rest assured, your feedback will be passed on to the right folks. Have a nice day /AC",Wed Nov 01 11:15:03 +0000 2017
29034,122389,I WILL AS SOON AS MY SPOTIFY IS FIXED BUT NO ANSWER ]: https://t.co/w4as3XSf7T,Wed Nov 01 01:39:28 +0000 2017,29033,29034,@122389 Hey! We've sent a DM your way. Check it out 🙂 /L,Wed Nov 01 11:07:06 +0000 2017
29036,122390,@SpotifyCares my friends invited me on spotify family through email. But every time i fill the address its always said somethings went wrong,Wed Nov 01 09:18:32 +0000 2017,29035,29036,@122390 Hey Andre! Can you DM us your account's username or email address? We'll take a look under the hood /RS https://t.co/ldFdZRiNAt,Wed Nov 01 11:00:29 +0000 2017
29608,122505,"@SpotifyCares Hey! Here's what I'm currently using. No problem on my iPhone though, only on my iMac. Cheers! https://t.co/iGnEwvu03h",Wed Nov 01 11:10:51 +0000 2017,29606,29608,@122505 Thanks. Can you try logging out &gt; restarting your device &gt; logging back in help? Let us know how it goes /RS,Wed Nov 01 11:28:45 +0000 2017
29607,122505,"@SpotifyCares Yep, tried several times, didn't fix :(",Fri Nov 03 06:57:42 +0000 2017,29609,29607,@122505 Hmm. Best thing to try here is a quick reinstall. Just follow the steps at https://t.co/grEcQYYFVS. Keep us posted /NS,Fri Nov 03 07:00:37 +0000 2017
29610,122505,"@SpotifyCares Followed the procedure 3 times, no luck :-( Anyway it's not so urgent as I can also stream to my Bluetooth speaker from my iPhone. Hope the next update fixes it ;)",Fri Nov 03 07:08:29 +0000 2017,29611,29610,@122505 2: Go to Artist Radio &gt; follow that radio station. That should do the trick! Let us know if you have other questions /GK,Fri Nov 03 08:01:42 +0000 2017
29610,122505,"@SpotifyCares Followed the procedure 3 times, no luck :-( Anyway it's not so urgent as I can also stream to my Bluetooth speaker from my iPhone. Hope the next update fixes it ;)",Fri Nov 03 07:08:29 +0000 2017,29612,29610,"@122505 1: Got it. Just in case, you can add artists to your Radio by going to an artist you like &gt; click on the three dots (...) &gt; click on /GK",Fri Nov 03 08:01:31 +0000 2017
29614,122505,@SpotifyCares Hello! Is it normal that I only have one radio left? Can you tell me how to have more please? Cheers and have a great day! https://t.co/cBxAz3b347,Wed Nov 01 09:14:37 +0000 2017,29613,29614,"@122505 Hey, help's here! Can you let us know the device, operating system, and Spotify version you're using? We'll see what we can suggest /RS",Wed Nov 01 10:53:03 +0000 2017
29616,122506,@115888 please contact me!,Wed Nov 01 10:06:36 +0000 2017,29615,29616,@122506 @115888 Hey there! We've just sent a DM your way. Let's carry on chatting there /AC,Wed Nov 01 11:23:10 +0000 2017
29618,122507,"@SpotifyCares Hi I am having problems, please see my DM. Thank you!",Wed Nov 01 10:18:09 +0000 2017,29617,29618,@122507 Hi there! We've just sent a DM your way. Let's carry on chatting there /PL,Wed Nov 01 11:20:52 +0000 2017
30116,122625,@SpotifyCares Can you not use a NUS card anymore to get Spotify student price?!,Wed Nov 01 09:50:26 +0000 2017,30115,30116,@122625 Hey there! We've just sent you a bit more info over DM. We'll carry on helping out there /RS,Wed Nov 01 11:33:55 +0000 2017
30596,122735,"Wonder how long will it take for the morons at @115888 to update their app for the iPhone X, knowing that they were too proud of themselves to make an Apple Watch app.
@SpotifyCares my ass",Wed Nov 01 09:53:03 +0000 2017,30595,30596,"@122735 Hey, we're here to help! Can you let us know what's happening exactly? We'll see what we can suggest /KM",Wed Nov 01 11:56:45 +0000 2017
30600,122736,@117153 @SpotifyCares I paid for premium and i still havent got premium i have sent a DM @SpotifyCares,Wed Nov 01 11:08:21 +0000 2017,30599,30600,@122736 @117153 Hey John! We've just sent you a bit more info over DM. We'll carry on helping out there /AC,Wed Nov 01 11:49:50 +0000 2017
30616,122737,@115888 @SpotifyCares pls let us arrange songs by play count so I know which tracks I don’t listen to anymore and should delete thank u,Wed Nov 01 09:52:45 +0000 2017,30615,30616,@122737 Hey! This sounds like a great idea. You can show your support for the same idea in our Community: https://t.co/2MDGCLPOX5 /RS,Wed Nov 01 11:49:06 +0000 2017
31593,122969,@115888 really needs to get a dislike/block but I cannot listen to anymore goddam kasabian 😒,Wed Nov 01 10:19:30 +0000 2017,31592,31593,"@122969 Hey! This isn't possible right now, but you can vote for the idea and help make it happen here: https://t.co/hlXvRg5Zog /GK",Wed Nov 01 12:29:27 +0000 2017
31595,122970,@115888 Student discount via bdo card not working,Wed Nov 01 10:17:43 +0000 2017,31594,31595,@122970 Hey! Could you send us a DM with your account's email address or username? We'll take a look /AY https://t.co/ldFdZRiNAt,Wed Nov 01 12:22:35 +0000 2017
31598,122971,"@115888 Hi, I am interested in tickets for the pre-sale to Kygos concert in stockholm. Is it possible to obtain the required password?:)",Wed Nov 01 10:52:48 +0000 2017,31597,31598,@122971 Hey! Pre-sale codes are being sent out by email to some of Kygo's biggest fans on Spotify. Hopefully you're one of them /CB,Wed Nov 01 12:20:41 +0000 2017
32067,123091,Sort it out @115888 https://t.co/9WbL2JRBpQ,Wed Nov 01 10:26:50 +0000 2017,32066,32067,@123091 Hey! Do you have any trouble with this link: https://t.co/atYeVkuQDq? Let us know /CB,Wed Nov 01 12:41:52 +0000 2017
32069,123092,"@117153 unable to make payment for my premium account, nothing wrong with my card as checked with the bank.",Wed Nov 01 10:23:41 +0000 2017,32068,32069,@123092 @117153 Hey! We've just replied to your DM. We'll be happy to help you out there /BD,Wed Nov 01 12:36:58 +0000 2017
32071,123093,@116130 I’m being charged for premium but my account is saying I’m not premium and won’t give me premium features?,Wed Nov 01 10:18:03 +0000 2017,32070,32071,@123093 Hey Liz! Could you send us a DM with your account's email address? We'll take a look backstage /MA https://t.co/ldFdZRiNAt,Wed Nov 01 12:36:13 +0000 2017
32481,123206,Hey @115888  my premium family is gonna expire soon and until now none of my family members can even use it. fix it please,Wed Nov 01 10:31:57 +0000 2017,32480,32481,@123206 Hey! Can you DM us your account's email address? We'll see what we can suggest /CB https://t.co/ldFdZRiNAt,Wed Nov 01 12:56:14 +0000 2017
32483,123207,@SpotifyCares I deactivated my Facebook a few years ago and now I can't log into Spotify? I don't want to make a new email. Any tips? Thanks,Wed Nov 01 10:45:02 +0000 2017,32482,32483,@123207 Hi there! Can you DM us your account's email address? We'll see what we can suggest /ST https://t.co/ldFdZRiNAt,Wed Nov 01 12:46:21 +0000 2017
33418,123393,How come I suddenly don't have Spotify premium anymore @SpotifyCares? Meer mensen last van? #spotify,Wed Nov 01 10:47:57 +0000 2017,33417,33418,@123393 Hey! We just replied to your DM with more info. We'll carry on helping out backstage /CB,Wed Nov 01 13:13:33 +0000 2017
33420,123394,"@SpotifyCares Hi! When will you fix ""4 - Oops something went wrong, please try again."" problem in managing family accounts?",Wed Nov 01 11:00:40 +0000 2017,33419,33420,@123394 Hey! Can you DM us your account's email address? We'll see what we can suggest /CB https://t.co/ldFdZRiNAt,Wed Nov 01 13:11:31 +0000 2017
33423,123395,@SpotifyCares why does my Spotify look like this??? https://t.co/zc8V8PLUHp,Wed Nov 01 10:38:14 +0000 2017,33421,33423,@123395 Hey there! Can you let us know the iOS and Spotify versions you're using? We'll take a look backstage /RS,Wed Nov 01 13:05:49 +0000 2017
33422,123395,@SpotifyCares I’m using the newest version of iOS and the 8.4.25 version of spotify,Thu Nov 02 08:07:26 +0000 2017,33424,33422,@123395 Thanks. Could you let us know the exact iOS device and version? We'll see what we can suggest /RS,Thu Nov 02 08:47:31 +0000 2017
33425,123395,@SpotifyCares iPhone 6s and version 11.1,Thu Nov 02 08:52:24 +0000 2017,33426,33425,@123395 2: things in order to improve Spotify. There's more info here: https://t.co/uon71wdZQZ /RS,Thu Nov 02 09:15:04 +0000 2017
33425,123395,@SpotifyCares iPhone 6s and version 11.1,Thu Nov 02 08:52:24 +0000 2017,33427,33425,@123395 Got it. It looks like you're seeing one of the changes that we've recently made to the app. We're always testing...,Thu Nov 02 09:14:55 +0000 2017
33428,123395,@SpotifyCares So can I not go back to the normal spotify cause I’m not really to fond of this version?,Mon Nov 13 08:12:23 +0000 2017,33429,33428,"@123395 We're afraid it's not possible to revert back to the older app version, but we appreciate your feedback. We'll pass it on to the team /NY",Mon Nov 13 09:13:04 +0000 2017
33432,123396,@SpotifyCares Iphone 8 on ios11.1 and latest Spotify version - as available on app Store,Wed Nov 01 12:23:19 +0000 2017,33430,33432,@123396 Thanks. Does logging out &gt; restarting your device &gt; logging back in again make any difference? /KM,Wed Nov 01 13:01:49 +0000 2017
33431,123396,"@SpotifyCares Can’t tell straight away, need to see the music behaviour for a bit. Will get back as soon as i know :)",Wed Nov 01 14:38:26 +0000 2017,33433,33431,@123396 Sounds like a plan! We'll be right here waiting for your update /KM,Wed Nov 01 14:42:51 +0000 2017
33435,123396,"iOS 11(.1) has issues when using camera, then music,which (from Spotify) breaks.Not sure if it’s ios or the app?@AppleSupport @SpotifyCares",Wed Nov 01 09:54:59 +0000 2017,33434,33435,@123396 Hey! That doesn't sound right. Can you let us know the device and Spotify version you're running? We'll see what we can suggest /KM,Wed Nov 01 12:06:21 +0000 2017
34756,123541,"@118266 min, cara berhenti berlangganan spotify premium tapi lupa password email bagaimana ya 😥",Wed Nov 01 10:47:49 +0000 2017,34754,34756,"@123541 Hey Val! We can help out in English via Twitter, but we also have Indonesian support via email at https://t.co/ZgU70TbP8M /AY",Wed Nov 01 13:26:38 +0000 2017
34755,123541,@SpotifyCares Thank you! :),Wed Nov 01 13:38:54 +0000 2017,34757,34755,"@123541 No worries. If there's anything else, just give us a shout. Have a... https://t.co/FQulrDtFky 🙂 /AY",Wed Nov 01 13:53:24 +0000 2017
34759,123542,@SpotifyCares.My account is skipping through every song and not playing anything - i have updated the software and there is no change,Wed Nov 01 12:00:11 +0000 2017,34758,34759,"@123542 Hey there! Can you let us know your device, operating system, and Spotify version? We'll see what we can suggest /RC",Wed Nov 01 13:25:03 +0000 2017
35390,123720,Put Gfriend’s song “Me Gustas Tu” back on Spotify before I cry myself to sleep @115888 @SpotifyCares,Wed Nov 01 13:32:59 +0000 2017,35389,35390,"@123720 Fingers crossed we'll have it available to you soon, but there's info about Spotify content here: https://t.co/0i8GpimuDa /KM",Wed Nov 01 13:37:55 +0000 2017
36163,123872,@SpotifyCares Like what ?,Wed Nov 01 10:56:09 +0000 2017,36161,36163,"@123872 You can try using a different computer to see if it helps. Also, try resetting your password at https://t.co/jGP5GWOoVY /CB",Wed Nov 01 13:46:51 +0000 2017
36162,123872,@SpotifyCares already tried with an other computer and for the password dont need it im loggin with my facebook account !,Wed Nov 01 15:11:37 +0000 2017,36164,36162,@123872 Thanks for clarifying! Can you DM us your account's email address? We'll take a look backstage /CB https://t.co/ldFdZRiNAt,Wed Nov 01 15:20:10 +0000 2017
36170,123872,@SpotifyCares  https://t.co/40GhuixFya,Tue Oct 31 20:13:53 +0000 2017,36165,36170,@123872 Thanks! Can you try using an incognito/ private window or a different browser? Does that make any difference? /JP,Tue Oct 31 20:21:24 +0000 2017
36172,123872,@SpotifyCares since 5 days can nolonger longer log on my Spotify WebPlayer ...a reload red messages pop up im on premium account?,Tue Oct 31 20:04:01 +0000 2017,36171,36172,"@123872 Hey, we'd love to help! Can you send us a screenshot of the exact error message you're getting? We'll take a closer look /JP",Tue Oct 31 20:06:45 +0000 2017
36723,124009,"@SpotifyCares 
What does mean?  How do I get rid of it?
How can I communicate with you with being twit or face?  Do you not have a direct communication? https://t.co/G6g8u9mk0O",Wed Nov 01 11:23:26 +0000 2017,36722,36723,"@124009 2. device, operating system, and Spotify version you're using? We'll see what we can suggest /GU",Wed Nov 01 14:13:41 +0000 2017
36726,124010,"@SpotifyCares Galaxy S7 Edge
Android 7.0
Spotify 8.4.25.771",Wed Nov 01 11:35:09 +0000 2017,36725,36726,@124010 Thanks! Can you try the steps here for us: https://t.co/EqisDMwZAT? They should help with this /CY,Wed Nov 01 14:12:53 +0000 2017
36730,124011,@SpotifyCares That i did ages ago.,Wed Nov 01 11:32:10 +0000 2017,36729,36730,"@124011 We understand. Hopefully, Spotify will launch in your country soon 🎧 /CY",Wed Nov 01 14:11:27 +0000 2017
36732,124011,@115888 when are you guys launching byour service in India? I hope it's before the year 3000. Cuz i will be dead by then.,Mon Oct 30 22:10:53 +0000 2017,36731,36732,@124011 Hey! We're launching in new countries as often as possible. Be sure to add your email at https://t.co/X8DVSX9QgM /RH,Mon Oct 30 22:32:05 +0000 2017
36734,124012,@SpotifyCares any idea why Spotify premium keeps saying ‘cannot play song’ on multiple tracks and artists?,Wed Nov 01 11:26:40 +0000 2017,36733,36734,"@124012 Hey there! What device, operating system, and Spotify version are you using? We'll see what we can suggest /MA",Wed Nov 01 14:08:36 +0000 2017
36737,124013,Is anyone else having issues with @115888 not playing what you want? #MindOfItsOwn,Wed Nov 01 11:20:18 +0000 2017,36735,36737,"@124013 Hey Paul. Can you tell us more about what's happening? What device, operating system, and Spotify version are you on? /AY",Wed Nov 01 14:07:12 +0000 2017
36736,124013,@SpotifyCares Sorted now 👍🏿 turns out when someone uses it on my laptop it changes my phone too 🙈,Wed Nov 01 14:12:08 +0000 2017,36738,36736,"@124013 Glad to hear everything's sorted! If we can help with anything else, just give us a shout. Have a... https://t.co/FQulrDtFky 🙂 /AY",Wed Nov 01 14:14:54 +0000 2017
36740,124014,Today I became a @116130 @115888 tester !!! Thanks for pointing me in the right direction @SpotifyCares !!! https://t.co/yBXDugjS5c,Wed Nov 01 11:15:47 +0000 2017,36739,36740,"@124014 Awesome! For anything else, we're just a tweet away 😉 /JP",Wed Nov 01 14:04:51 +0000 2017
36743,124015,@SpotifyCares never mind I fixed it.,Wed Nov 01 11:44:38 +0000 2017,36741,36743,"@124015 Hey there, help's here. Just to check, were you able to get your playlists set up like you want? Keep us in the loop /MQ",Wed Nov 01 14:04:10 +0000 2017
36742,124015,@SpotifyCares I said I fixed it.thanks.,Wed Nov 01 18:01:55 +0000 2017,36744,36742,"@124015 Awesome, we're glad to hear that! If you ever need anything else be sure to give us a... https://t.co/AUc7DGJpgF 🙂 /JX",Wed Nov 01 18:17:37 +0000 2017
36747,124016,"@116130 I'm trying to verify that I'm a student again but the pop up doesn't do anything, please help!! https://t.co/agn3vFAOs5",Wed Nov 01 11:10:59 +0000 2017,36745,36747,"@124016 Hi Kitty, help's here! Can you try using an incognito window or a different browser? Let us know how it goes /PL",Wed Nov 01 14:02:52 +0000 2017
36746,124016,"@SpotifyCares Worked a treat, thanks",Wed Nov 01 19:18:06 +0000 2017,36748,36746,"@124016 You're welcome! If you ever need anything else, just shout and we'll come running 🏃 /KL",Wed Nov 01 19:40:33 +0000 2017
37699,124187,@118266 sekarang ga bisa pembayaran premium dengan pulsa tri?,Wed Nov 01 12:08:53 +0000 2017,37698,37699,"@124187 Hey! We can help out in English via Twitter, but we also have Indonesian support via email at https://t.co/ZgU70TbP8M /AY",Wed Nov 01 14:23:58 +0000 2017
37702,124188,@115888 can you please add a feature to only view from releases from artist you follow.,Wed Nov 01 12:25:39 +0000 2017,37700,37702,"@124188 Hey Rahger! Thanks for sharing your thoughts, we'll let the relevant folks know it's something you'd like to see /SY",Wed Nov 01 14:20:40 +0000 2017
37701,124188,@SpotifyCares can you please add a feature to only view releases from artist you follow.,Wed Nov 01 15:01:16 +0000 2017,37703,37701,@124188 Don't worry - we'll make sure to pass your feedback on to the relevant folks 😁 /SY,Wed Nov 01 22:57:40 +0000 2017
37704,124188,@SpotifyCares Thanks! I really hope you add the option to only view new releases from artist that we follow.,Thu Nov 02 00:55:57 +0000 2017,37705,37704,@124188 You're welcome! You can also suggest it in our Community at https://t.co/rtDvYZOF32 and get support from other users /JS,Thu Nov 02 00:59:20 +0000 2017
37708,124189,"hi @SpotifyCares i think im being charged twice, can you help??",Wed Nov 01 12:10:43 +0000 2017,37706,37708,@124189 Hey there! Could you send us a DM with your account's email address? We'll take a look backstage /MA https://t.co/ldFdZRiNAt,Wed Nov 01 14:18:14 +0000 2017
37707,124189,@SpotifyCares done!,Wed Nov 01 15:37:28 +0000 2017,37709,37707,@124189 Thanks! We've just sent a DM back your way. Let's carry on chatting there /TR,Wed Nov 01 16:16:47 +0000 2017
37712,124190,@117153 and no where in my subscriptions box nor my receipts box does it say I bought premium but it took the money out of my account.,Wed Nov 01 12:07:57 +0000 2017,37711,37712,@124190 @117153 Hi! We've just replied to your DM. We'll carry on helping there /MQ,Wed Nov 01 14:17:58 +0000 2017
38300,124327,"@115888 I have activated my premium for the first, however I did not get 30days for free, just 7 :( Can you fix it for me please?",Wed Nov 01 13:07:34 +0000 2017,38299,38300,@124327 @115888 Hi! We've sent a bit more info via DM. We'll carry on helping out there /AY,Wed Nov 01 14:44:11 +0000 2017
38303,124328,"Hey @115888, how do you know the music I listened to 15 years ago? Actually need an answer to this one.",Wed Nov 01 13:28:27 +0000 2017,38301,38303,@124328 Hey there! Can you let us know what's happening exactly? We'll see what we can suggest /PL,Wed Nov 01 14:44:04 +0000 2017
38302,124328,"@SpotifyCares The “time capsule” playlist is suggesting music that I haven’t listened to in 15 years, so I am curious as to how you even know this info.",Wed Nov 01 14:50:05 +0000 2017,38304,38302,@124328 Your Time Capsule is a playlist consisting of personalised content algorithmically created based on your previous listening history /PL,Wed Nov 01 15:02:34 +0000 2017
38306,124329,"@117153 @SpotifyCares When will Spotify HiFi release in Denmark, what will the streaming quality be (frequency range, eg.) and what will the price be in Dkk?",Wed Nov 01 12:57:37 +0000 2017,38305,38306,"@124329 Hi there! We don't have any details on this yet. Don't worry, we'll let our devs know it's something you'd like to see /GK",Wed Nov 01 14:43:43 +0000 2017
38314,124330,thanks @115888 for removing the download from all of my music randomly &amp; ruining my day :-),Wed Nov 01 13:23:29 +0000 2017,38313,38314,@124330 2: at https://t.co/38J7tFlIBF. They should help with this /SY,Wed Nov 01 14:38:36 +0000 2017
38314,124330,thanks @115888 for removing the download from all of my music randomly &amp; ruining my day :-),Wed Nov 01 13:23:29 +0000 2017,38315,38314,"@124330 1: Hey Tina, sorry to hear that! Check out the steps under “Downloads unexpectedly removed”...",Wed Nov 01 14:38:30 +0000 2017
38317,124331,@SpotifyCares check dm pls,Wed Nov 01 13:15:59 +0000 2017,38316,38317,@124331 Hi there! We've just replied to your DM. Let's carry on chatting there /PL,Wed Nov 01 14:38:29 +0000 2017
38319,124332,@115888 8 drag queens in 30 discover weekly songs. Seems to me your algorithm is making inappropriate connections about music and users.,Wed Nov 01 14:28:32 +0000 2017,38318,38319,"@124332 2: Thanks for sharing your thoughts, we'll pass it on to the relevant folks /SY",Wed Nov 01 14:36:23 +0000 2017
38322,124333,@SpotifyCares can you grant me a grace period for my premium account??? i have a urgent matter,Wed Nov 01 13:04:54 +0000 2017,38321,38322,@124333 Hi there! We've just sent you a bit more info over DM. We'll carry on helping out there /MA,Wed Nov 01 14:34:57 +0000 2017
38324,124334,"@115888 
Why’d was ‘motorsport’ by: Migos changed at 1:16? And instead place at the end of the song?. #migos #quavo #offset #motorsport",Wed Nov 01 12:57:19 +0000 2017,38323,38324,"@124334 Hi, help's arrived! Can you send us a link to the track? We'll see what we can suggest /DV",Wed Nov 01 14:34:20 +0000 2017
38326,124335,HELP PLEASE @SpotifyCares,Wed Nov 01 13:03:19 +0000 2017,38325,38326,@124335 Hey there! Could you let us know what's happening exactly? We'll be happy to help /PL,Wed Nov 01 14:33:16 +0000 2017
38328,124336,@SpotifyCares I cant sign in im new to your app and I have tried all my emails and it always says:An unknown error occurred try again later.,Wed Nov 01 13:00:20 +0000 2017,38327,38328,@124336 Hey Kosta! That doesn't sound good. Could you DM us your account's email address? We'll take a look backstage /AU,Wed Nov 01 14:32:33 +0000 2017
38706,124438,@SpotifyCares  I have sent you an inbox regarding the three charges that was made to my acc when I tried to scribe for sportify for college students and had no success especially on the @124439 page! And nobody had answered yet😡,Wed Nov 22 19:49:41 +0000 2017,38705,38706,@124438 Hey! Apologies for the delay. We've just sent you a bit more info over DM. We'll carry on helping out there /CP,Wed Nov 22 19:56:34 +0000 2017
38936,124499,Some idiot hacked my Spotify account and changed my email. Best believe I'm getting it back,Wed Nov 01 13:49:29 +0000 2017,38935,38936,@124499 Hey Mark! We've sent a DM your way. Check your inbox for it /SJ,Wed Nov 01 14:57:34 +0000 2017
38938,124500,@SpotifyCares I'm trying to change my password but no email is coming up in my Spotify registered email address with the link to change it?,Wed Nov 01 14:23:40 +0000 2017,38937,38938,@124500 Hi Rebecca! Can you DM us your account's username or email address? We'll take a look backstage /MC https://t.co/ldFdZRiNAt,Wed Nov 01 14:56:15 +0000 2017
38940,124501,"@SpotifyCares 
No save connection - something is wrong with https://t.co/NBpfL1voJ0... https://t.co/uzXVej5NCL",Wed Nov 01 14:09:38 +0000 2017,38939,38940,@124501 Hi there. Can you let us know what device you're using? Does using a different browser or incognito make a difference? /LM,Wed Nov 01 14:55:57 +0000 2017
38943,124502,@115888 @spotifycares Why don't you offer the same student discount to the teachers that teach the students? I'm sure @124439 would help.,Wed Nov 01 14:01:13 +0000 2017,38941,38943,"@124502 Hi Jared, that'd be sweet! Suggest it in our Community at https://t.co/rtDvYZOF32 and get support from other users /GK",Wed Nov 01 14:55:37 +0000 2017
38942,124502,@SpotifyCares How about you guys just make it happen as it will be an increased revenue stream and it's the right thing to do?,Wed Nov 01 16:41:27 +0000 2017,38944,38942,@124502 We hear you loud and clear. We can’t make any promises but we’ll pass your feedback onto the right folks 🙂 /JI,Wed Nov 01 16:48:30 +0000 2017
38947,124503,@SpotifyCares iphone 6s and i’m not sure but i’d assume the lastest update?,Wed Nov 01 14:43:18 +0000 2017,38945,38947,@124503 Can you also check the exact Spotify version you're using? Just go to Your Library &gt; Settings &gt; About &gt; Version 🙂 /RR,Wed Nov 01 14:54:48 +0000 2017
38946,124503,@SpotifyCares  https://t.co/u6pNtYSNYS,Wed Nov 01 14:55:54 +0000 2017,38948,38946,"@124503 2: Just a heads up though, make sure any tracks you're syncing offline has finished downloading before doing this /RR",Wed Nov 01 15:09:25 +0000 2017
38946,124503,@SpotifyCares  https://t.co/u6pNtYSNYS,Wed Nov 01 14:55:54 +0000 2017,38949,38946,"@124503 1: Thanks! Since you're already on the latest version, can you try restarting your phone first by holding Home + Lock for 10 seconds?",Wed Nov 01 15:09:21 +0000 2017
38951,124503,@AppleSupport @SpotifyCares since ios 11 i cant skip songs on bluetooth and i no longer have spotify on my home screen or the swipe up? help,Wed Nov 01 11:29:58 +0000 2017,38950,38951,"@124503 Hey, sorry for the delay! Can you tell us the exact model of your iPhone along with the Spotify version you're using? We'll help you out /RR",Wed Nov 01 14:19:10 +0000 2017
38953,124504,@SpotifyCares issue with my account,Wed Nov 01 14:28:55 +0000 2017,38952,38953,"@124504 Hey, we've just sent you a bit more info over DM. We'll carry on helping out there 🙂 /MA",Wed Nov 01 14:54:23 +0000 2017
38955,124505,"@SpotifyCares Hi, I logged out of my Spotify last week. I logged back in the next day and my playlists have gone. Can you help? Thanks!",Wed Nov 01 14:15:34 +0000 2017,38954,38955,@124505 Hey Jenny! Can you DM us your account's email address or username? We'll take a look backstage /JE https://t.co/ldFdZRiNAt,Wed Nov 01 14:52:57 +0000 2017
38958,124506,"@SpotifyCares Welp, Only one song available on Ladyhawke's Anxiety album, the rest of album are unavailable FOREVER, download is better #LOL",Wed Nov 01 14:00:56 +0000 2017,38956,38958,@124506 Hey there! Can you send us a link to the album you're referring to? We'll take a look /PL,Wed Nov 01 14:52:19 +0000 2017
38957,124506,"@SpotifyCares Here it is 
https://t.co/waO48RizBo",Wed Nov 01 14:56:16 +0000 2017,38959,38957,@124506 Thanks! Can you DM us your account's username or email address? We'll take a closer look /PL https://t.co/ldFdZRiNAt,Wed Nov 01 15:06:50 +0000 2017
38961,124507,@115888 Your iOS app loads so slow I’m seconds from cancelling my subscription.,Wed Nov 01 13:59:21 +0000 2017,38960,38961,"@124507 Hey Chris, that doesn't sound right. What device, iOS and Spotify versions is this happening on? We'll lend a hand /SY",Wed Nov 01 14:49:57 +0000 2017
38963,124508,"@115888 when my playlist runs out you should know that the worst possible ""like this"" music to play next is Morrissey. It is not like this.",Wed Nov 01 13:56:18 +0000 2017,38962,38963,"@124508 Hey! Sorry to hear about that. Not to worry, we're taking on all feedback about this /JP",Wed Nov 01 14:49:40 +0000 2017
38965,124509,"@SpotifyCares i subscribed as premium user in Oct 25, but today I cant use spotify because I must unsubscribe it first. It just a week!!",Wed Nov 01 12:36:52 +0000 2017,38964,38965,@124509 Hi there! We've just sent you a bit more info over DM. Let's carry on chatting there /GU,Wed Nov 01 14:49:33 +0000 2017
38967,124510,@115888 hey paying for premium and not getting any of the premium perks. I have receipt,Wed Nov 01 13:57:26 +0000 2017,38966,38967,@124510 @115888 Hi! We've just replied to your DM. We'll carry on helping there /MQ,Wed Nov 01 14:49:27 +0000 2017
38971,124511,@SpotifyCares You guys mixed up songs. Breezeblocks by Alt-J has been replaced with their other song Fitzpleasure. Both play the same song!,Wed Nov 01 13:52:12 +0000 2017,38968,38971,@124511 Hey Angie! Can you send us the Song Link? Just tap the three dots &gt; Share &gt; Copy Link. We'll check it out /SY,Wed Nov 01 14:48:47 +0000 2017
38970,124511,@SpotifyCares https://t.co/tGbLK4aErF This is what Breezeblocks should sound like! Just to make your job easier.,Wed Nov 01 15:45:44 +0000 2017,38972,38970,"@124511 Hmm, everything looks good on our end. Can you tell us the country that your account is set to? /SY",Wed Nov 01 16:12:22 +0000 2017
38973,124511,@SpotifyCares I am listening from the United States and my account is set in the U.S. as well. Hope that helps.,Wed Nov 01 16:19:16 +0000 2017,38974,38973,@124511 2: version of Spotify you're using? We'll lend a hand /SY,Wed Nov 01 17:02:39 +0000 2017
38973,124511,@SpotifyCares I am listening from the United States and my account is set in the U.S. as well. Hope that helps.,Wed Nov 01 16:19:16 +0000 2017,38975,38973,"@124511 1: That's odd. We've taken a closer look and the track plays the correct song. Can you tell us what device, operating system, and...",Wed Nov 01 17:02:33 +0000 2017
38977,124512,@115888 how can I use Spotify in China by free more than 14 days?,Wed Nov 01 13:39:15 +0000 2017,38976,38977,@124512 Hey there! Can you DM us your account's username or email address? We'll take a look /PL https://t.co/ldFdZRiNAt,Wed Nov 01 14:47:53 +0000 2017
38979,124513,@SpotifyCares does spotify including gaming content? Because it withdraws credit from my phone Rp 2.000/day. And it is everyday,Wed Nov 01 12:47:59 +0000 2017,38978,38979,@124513 Hey Farah! We've just sent a DM your way. Let's carry on chatting there /CP,Wed Nov 01 14:47:26 +0000 2017
38981,124514,"@SpotifyCares i don't recognise ""sm-a500m"" but they keep listening to my Spotify, I've tried changing my password. How do i remove device? https://t.co/GAZJSgAN9K",Wed Nov 01 13:30:47 +0000 2017,38980,38981,"@124514 Hey Laura, help's here! Can you DM us your account's email address? We'll take a look backstage /SJ https://t.co/ldFdZRiNAt",Wed Nov 01 14:47:26 +0000 2017
39734,124701,@SpotifyCares any idea where my search keeps going? If I close and reopen it comes back. iOS 11.1 Spotify v8.4.25.906 https://t.co/wMXRSH7jZ8,Wed Nov 01 14:52:33 +0000 2017,39732,39734,"@124701 Hey Nathan, that's odd. Can you try logging out, restarting your device, then logging back in? Does that help? /JE",Wed Nov 01 15:13:42 +0000 2017
39733,124701,"@SpotifyCares Just closing and reopening the app fixes it, but it’s intermittent",Wed Nov 01 15:54:06 +0000 2017,39735,39733,@124701 We understand. We'd suggest trying out our suggestion as it resets active sessions. Let us know how you get on /JE,Wed Nov 01 16:16:52 +0000 2017
39737,124702,Hey @116130 is there any chance of you adding more fabriclive albums?,Wed Nov 01 14:53:19 +0000 2017,39736,39737,@124702 We’ll have them all available to you as soon as it’s available to us! https://t.co/0i8GpimuDa /BE,Wed Nov 01 15:13:11 +0000 2017
39739,124703,"@SpotifyCares Checked, none of these apply - unless an *automatic* update deleted them and switched off the download option?",Wed Nov 01 14:22:50 +0000 2017,39738,39739,@124703 Hmm. An app update shouldn't do that. We suggest that you remove your offline devices and reinstall if it happens again /CP,Wed Nov 01 15:12:49 +0000 2017
39741,124703,@SpotifyCares Got back in to find mobile downloaded playlist deleted and download setting switched off.,Wed Nov 01 14:00:36 +0000 2017,39740,39741,@124703 Sorry to hear that! Check out the steps under “Downloads unexpectedly removed” at https://t.co/38J7tFlIBF. They should help with this /CP,Wed Nov 01 14:16:39 +0000 2017
39745,124704,@SpotifyCares Reinstalling the app did fix some issues but I still have problems with artist info in locked mode and control center,Wed Nov 01 14:39:32 +0000 2017,39744,39745,@124704 Alright. Could you DM us your account's username or email address? We'll take a look under the hood /GU https://t.co/ldFdZRiNAt,Wed Nov 01 15:07:14 +0000 2017
39747,124704,@SpotifyCares Thanks,Sun Oct 29 23:38:29 +0000 2017,39746,39747,@124704 No worries! We'll be on the look out for your reply /DF,Sun Oct 29 23:42:04 +0000 2017
39750,124704,"@SpotifyCares Also: App sometimes suddenly just stops playing music altogether, related to that issues w/ Bluetooth devices (music also stops)",Sun Oct 29 21:28:57 +0000 2017,39748,39750,@124704 Got it! Could you try uninstalling and reinstalling the app? Let us know how it goes /DF,Sun Oct 29 21:30:40 +0000 2017
39753,124704,Extremely unhappy w/ current performance of @115888 app on Apple iOS 11. Almost impossible to use service I pay for. Sad! @SpotifyCares,Sun Oct 29 16:40:32 +0000 2017,39752,39753,@124704 Hey there! Could you tell us what's happening exactly? We'll see what we can suggest /DF,Sun Oct 29 21:16:41 +0000 2017
39755,124705,"@SpotifyCares when trying to join a family ""4 - Oops something went wrong, please try again.""",Wed Nov 01 14:58:30 +0000 2017,39754,39755,"@124705 Hi Denis, help's here! Can you DM us your account's email address? We'll take a look backstage /DV https://t.co/ldFdZRiNAt",Wed Nov 01 15:03:37 +0000 2017
39758,124706,"Several updates later, and I still want the lyrics feature back @115888 :(",Wed Nov 01 14:32:27 +0000 2017,39757,39758,@124706 2: have more info about this here: https://t.co/DjMkORfakO. Let us know if you have any other questions /LM,Wed Nov 01 15:02:56 +0000 2017
39761,124707,@115888 what is the presale code for the @124708 concert in ATX,Wed Nov 01 14:31:31 +0000 2017,39760,39761,@124707 Hey! Pre-sale codes are being sent out by email to some of Foo Fighters biggest fans on Spotify. Hopefully you're one of them /SJ,Wed Nov 01 15:01:17 +0000 2017
39763,124709,@SpotifyCares my search option for new music is gone?!?,Wed Nov 01 14:37:18 +0000 2017,39762,39763,"@124709 Hey there! Can you give us more info? What device, operating system, and app version are you using? /PB",Wed Nov 01 15:00:55 +0000 2017
39766,124710,@115888 web player continually cuts out on me and absolutely ruins my flow while at work. 👎,Wed Nov 01 14:39:18 +0000 2017,39764,39766,"@124710 Hey! That's not cool. What device, operating system, and browser are you using? We'll see what we can suggest /MV",Wed Nov 01 14:59:57 +0000 2017
39765,124710,"@SpotifyCares Work laptop(i7 8gb) Windows 10, chrome",Wed Nov 01 21:44:45 +0000 2017,39767,39765,@124710 Thanks. Are you getting any specific error messages? A screenshot would come in handy /MV,Wed Nov 01 21:47:09 +0000 2017
39768,124710,"@SpotifyCares No error messages, the music just cuts out every 10-15 seconds.",Thu Nov 02 02:24:27 +0000 2017,39769,39768,@124710 Got it. Could you try using an incognito window or a different browser to see if it helps? Let us know how it goes /NS,Thu Nov 02 02:27:18 +0000 2017
39770,124710,@SpotifyCares Will do!,Thu Nov 02 02:30:37 +0000 2017,39771,39770,@124710 Cool! We'll keep an eye out for your update /NS,Thu Nov 02 02:40:46 +0000 2017
39774,124711,"@118266 @118266 min udah masukin, username dan password bener, akhirnya minta reset password tapi aku lupa emailku yg aku pke, bisa bantu?",Wed Nov 01 14:54:09 +0000 2017,39772,39774,"@124711 Hey Lina! We can help out in English via Twitter, but we also have Indonesian support via email at https://t.co/ZgU70TbP8M /GU",Wed Nov 01 14:59:46 +0000 2017
39773,124711,"@SpotifyCares Spotify think I get wrong password, so I try to reset my password with myusername: linalthf, but I forgot what e-mail I used. Can u help me?",Wed Nov 01 15:06:59 +0000 2017,39775,39773,@124711 Got it! We'd like to share some info with you in private. Could you send us a DM instead? We'll look out for your reply /GU https://t.co/ldFdZRiNAt,Wed Nov 01 15:27:22 +0000 2017
40647,124924,Why is speed gang still not on Spotify 😒 get your shit together @115888,Wed Nov 01 15:11:50 +0000 2017,40646,40647,@124924 Hey Julia!. We'd love to have them on Spotify! Hopefully we will in the future. Check this out: https://t.co/MEjmIRL2eB /JP,Wed Nov 01 15:28:09 +0000 2017
40650,124925,spotify is using almost 8gb of my storage what,Wed Nov 01 14:56:39 +0000 2017,40648,40650,"@124925 Hey Wen! What device, operating system, and version of Spotify are you using? We'll look into this /SY",Wed Nov 01 15:27:01 +0000 2017
40651,124925,@SpotifyCares --keeps on playing &amp; spotify doesnt seem to detect that im online when i have perfect connection. sony f3216 android 7.0 spotify v8.4.24.871,Thu Nov 02 01:11:18 +0000 2017,40652,40651,"@124925 Got it. Does logging out then back in help? If it doesn't, could you try restarting the device? Let us know how it goes /JS",Thu Nov 02 01:13:05 +0000 2017
40654,124926,@SpotifyCares Can you help me,Wed Nov 01 15:17:58 +0000 2017,40653,40654,@124926 Hey! We just responded to your DM. We'll keep helping out there 🙂 /TY,Wed Nov 01 15:21:00 +0000 2017
40657,124926,@SpotifyCares But can I put my account number in so my payment can still comes out,Wed Nov 01 14:16:07 +0000 2017,40656,40657,"@124926 Currently, not directly through Spotify. However, can you DM us your account's username and email address? We'll see what we can suggest /TY",Wed Nov 01 14:47:50 +0000 2017
40659,124926,@SpotifyCares If I my card is cancelled,Wed Nov 01 14:04:51 +0000 2017,40658,40659,"@124926 Got it. If your card was reported as lost, then it's likely no longer authorized by your bank to make payments and needs to be updated /TY",Wed Nov 01 14:14:41 +0000 2017
40663,124926,@SpotifyCares hi I was wondering I recently lost my bank card I was wondering if my payment would still come out of my account,Wed Nov 01 10:47:44 +0000 2017,40661,40663,"@124926 Hi Sammy, help's here! If your card was lost you'll need to update your payment details. Check out https://t.co/eLyygOSIMB for more info /TY",Wed Nov 01 13:45:23 +0000 2017
40665,124927,"@SpotifyCares I am one happy camper! Thanks for your help, you guys are awesome! 👍🏻👍🏻👍🏻",Wed Nov 01 14:57:27 +0000 2017,40664,40665,"@124927 No worries, glad we could help! If you ever need us again, just... https://t.co/l50MJtSzE7 /MQ",Wed Nov 01 15:16:20 +0000 2017
41766,125199,I wish someone cared enough for me to make me a cute ass playlist on Spotify ❤️,Wed Nov 01 15:13:29 +0000 2017,41765,41766,@125199 Hi there! Do you have a specific genre in mind? Which artists are you in to right now? We'll see what we can whip up for you /LP,Wed Nov 01 15:43:31 +0000 2017
41768,125200,@SpotifyCares Ooh! Thank you.,Wed Nov 01 15:26:02 +0000 2017,41767,41768,@125200 You're welcome! Let us know if you ever need us again. We'd be... https://t.co/LgAM6ky9Vv 🙂 /AU,Wed Nov 01 15:41:05 +0000 2017
41770,125200,"Also, where the is ""Nostalgia, Ultra""? @115888 @SpotifyCares",Wed Nov 01 15:14:47 +0000 2017,41769,41770,"@125200 Hi Britt! Fingers crossed we'll be able to have it back soon, but there's info about Spotify content here: https://t.co/0i8GpimuDa /AU",Wed Nov 01 15:21:28 +0000 2017
41772,125201,@SpotifyCares And thanks for sharing the link 😊,Wed Nov 01 15:23:20 +0000 2017,41771,41772,"@125201 No worries. If there's anything else, give us a shout. Have a https://t.co/fOHcTvz8dt 💚 /LP",Wed Nov 01 15:34:13 +0000 2017
41775,125201,I wish @115888 had a feature that allowed you to add artists/songs to a 'don't play ever' list. Won't name names in public. https://t.co/6cgfiKvrHA,Wed Nov 01 15:00:29 +0000 2017,41773,41775,"@125201 Hi Camellia! This isn’t possible right now, but we have more info about this on our Community. Check it out: https://t.co/oGDLtirXki /LP",Wed Nov 01 15:20:56 +0000 2017
41777,125202,@SpotifyCares Nothing is solved if I send you the link. Your service is still leaking customer informations.,Wed Nov 01 15:19:29 +0000 2017,41776,41777,@125202 Sorry you feel that way. It'd be best to send us the info over DM so that we can pass it on to the right folks /JE,Wed Nov 01 15:32:38 +0000 2017
42723,125449,Spotify needs to have an option to go straight to singles.,Wed Nov 01 15:16:31 +0000 2017,42721,42723,@125449 Hey Callum! We're always open for feedback. Can you give us a bit more info about your idea? We'll be waiting /MC,Wed Nov 01 15:51:11 +0000 2017
42722,125449,@SpotifyCares It sometimes takes forever to scroll ALL the way down to get to the singles. Just make an option to go straight to singles.,Wed Nov 01 16:04:32 +0000 2017,42724,42722,"@125449 2: our Community: https://t.co/YvOp6xWJrG. If you need anything else, just let us know /MC",Wed Nov 01 16:24:59 +0000 2017
42722,125449,@SpotifyCares It sometimes takes forever to scroll ALL the way down to get to the singles. Just make an option to go straight to singles.,Wed Nov 01 16:04:32 +0000 2017,42725,42722,@125449 1: Got it. We'll make sure to pass your suggestion on to the right team. You can also add your thoughts and vote for a similar idea in...,Wed Nov 01 16:24:21 +0000 2017
42727,125450,@115888 can you download music to #Apple watch?,Wed Nov 01 15:33:06 +0000 2017,42726,42727,@125450 2:  know it's something you'd like to see: https://t.co/SEK4E4gi22 /BM,Wed Nov 01 15:56:14 +0000 2017
42731,125451,"@SpotifyCares after a while, the windows app takes up 1.5GB of RAM. Way too high. When I restart it takes closer to 250MB. What's the deal?",Wed Nov 01 15:25:38 +0000 2017,42729,42731,"@125451 Hey there! Help's here. Can you let us know the device, Windows, and app versions you're using? We'll see what we can suggest /PB",Wed Nov 01 15:54:20 +0000 2017
42730,125451,"@SpotifyCares Windows 7, 15GB Ram, Spotify version 1.0.66.478.g1296534d",Wed Nov 01 16:00:43 +0000 2017,42732,42730,"@125451 Got it, Could you try reinstalling the app with the exact steps here: https://t.co/EqisDMwZAT. Let us know if it makes any difference /PB",Wed Nov 01 16:46:58 +0000 2017
42734,125452,"@115888 @SpotifyCares 
I’ve tried with 2 diff cards already but my payment won’t go thru.. what’s up w this fam?? https://t.co/WnaA6rrRnX",Wed Nov 01 15:25:43 +0000 2017,42733,42734,@125452 Hey there! Can you DM us your account's email address? We'll take a look backstage /LM,Wed Nov 01 15:46:49 +0000 2017
42736,125453,@SpotifyCares I had already done it...before..!,Wed Nov 01 15:23:56 +0000 2017,42735,42736,"@125453 Cool. You'll be notified if there are any updates about this, so stay tuned. If you need us again, just shout. Take care 🙂 /MC",Wed Nov 01 15:46:19 +0000 2017
42738,125453,@115888 @2444 When will be Spotify available in India..??,Wed Nov 01 15:05:40 +0000 2017,42737,42738,@125453 Hey Akash! We're launching in new countries as often as possible. Be sure to add your email at https://t.co/X8DVSX9QgM. Keep rocking 🤘 /MQ,Wed Nov 01 15:22:25 +0000 2017
43437,125632,"@125633 Hey y'all, quick question is there a mechanism to change or influence your ""Related Artists""?",Wed Nov 01 14:49:51 +0000 2017,43435,43437,"@125632 Hey! We have some info on this here: https://t.co/EH3hl9mfQF, check it out 🙂 /L",Wed Nov 01 16:14:19 +0000 2017
43436,125632,@SpotifyCares S/O for the comeback guys! 👌🏿,Wed Nov 01 16:39:56 +0000 2017,43438,43436,"@125632 No worries! If you ever have any questions, feel free to give our Artist support team a shout: https://t.co/p1wbtdELHu /L",Wed Nov 01 16:47:59 +0000 2017
43440,125634,@SpotifyCares Finally got it working thanks,Wed Nov 01 16:09:19 +0000 2017,43439,43440,"@125634 Glad everything worked out! If you ever need anything else, just shout and we'll come running 🏃 /KL",Wed Nov 01 16:12:41 +0000 2017
43442,125634,Changed to a new phone @115888 will not allow me to sign into the app through fb and I've changed both passwords! Help asap @SpotifyCares,Wed Oct 25 22:37:05 +0000 2017,43441,43442,@125634 Hey! Help's here. Can you DM us your account's email address? We'll see what we can suggest /JL https://t.co/ldFdZRiNAt,Wed Oct 25 22:39:17 +0000 2017
43445,125635,@115888 get on it https://t.co/QDIVxa4bDA,Wed Nov 01 15:46:42 +0000 2017,43444,43445,"@125635 Hi MJ! Fingers crossed we'll be able to have it soon, but there's info about Spotify content here: https://t.co/0i8GpimuDa /ME",Wed Nov 01 16:09:56 +0000 2017
43447,125636,"Please consider accepting #BitcoinCash for payments @spotifycares - it’s fast and secure, with low fees! More @ https://t.co/YsDKU63vw3",Wed Nov 01 15:56:34 +0000 2017,43446,43447,@125636 Hey Vixzer! We can see how that’d be useful! You can vote for the official idea here: https://t.co/snIzzj29Vz /TF,Wed Nov 01 16:09:07 +0000 2017
43449,125637,@SpotifyCares what's up with removing the browse/discover? It is the major reason I pay a premium family subscription!,Wed Nov 01 15:12:01 +0000 2017,43448,43449,@125637 Hi! Can you send us a screenshot of what you're seeing through DM? We'll take a look under the hood /NH https://t.co/ldFdZRiNAt,Wed Nov 01 16:04:49 +0000 2017
43451,125638,@SpotifyCares Why can I not pay for Spotify Student via PayPal?,Wed Nov 01 14:54:18 +0000 2017,43450,43451,@125638 Hi Kyle! Can you send us a DM with your username or email address? We'll take a look under the hood /HR https://t.co/ldFdZRiNAt,Wed Nov 01 16:04:12 +0000 2017
43453,125639,@SpotifyCares i invited a new family member to enjoy premium and it said invite came from a person with a different name. Help!,Wed Nov 01 15:40:20 +0000 2017,43452,43453,@125639 Hey there! Can you DM us the email address and username for each account? We'll take a look backstage /KL https://t.co/ldFdZRiNAt,Wed Nov 01 16:02:51 +0000 2017
43455,125640,@SpotifyCares Is there a way to filter artists who've been accused of violence against woman from all playlists on my account?,Wed Nov 01 15:41:06 +0000 2017,43454,43455,"@125640 This isn’t possible right now, but we have more info about this on our Community. Check it out: https://t.co/oGDLtirXki /BE",Wed Nov 01 16:02:18 +0000 2017
43457,125641,@SpotifyCares There are no error messages. Ill try to play it and it just wont and this isnt the first time. Im just wondering why I cant play it https://t.co/mbTJuQJj25,Wed Nov 01 15:39:53 +0000 2017,43456,43457,@125641 We understand. Can you DM us your account's email address? We'll take a closer look /BE https://t.co/ldFdZRiNAt,Wed Nov 01 16:01:42 +0000 2017
43459,125641,Hey @SpotifyCares why are there certain songs that the app wont allow me to play anymore?,Wed Nov 01 13:58:22 +0000 2017,43458,43459,@125641 Hey! Are you getting any error messages whenever you try playing certain songs? A screenshot of what you're seeing will also be handy /MA,Wed Nov 01 14:49:37 +0000 2017
43462,125642,Hey @115888! Do you know Devin Dazzle and the Neon Fever by @2585 isn’t in the right order? Just a heads up! ❤️,Wed Nov 01 15:35:01 +0000 2017,43460,43462,@125642 Hey there! Can you send us the album's Link? Just tap the three dots &gt; Share &gt; Copy Link. We'll take a look backstage /PB,Wed Nov 01 16:00:11 +0000 2017
43461,125642,"@SpotifyCares Sure! It’s a concept album, so order is important. ☺️ Thanks! https://t.co/LRdM0G5fmo",Wed Nov 01 18:38:29 +0000 2017,43463,43461,@125642 Thanks. We'll get this reported. Great detective work! https://t.co/LpsmyUtme0 /PB,Wed Nov 01 18:41:08 +0000 2017
44237,125829,@SpotifyCares why can't i use my mobile account to pay for my premium all of a sudden when i have for the last 6 months?? Ee have said there ia no problem thier end?,Sat Nov 25 16:33:00 +0000 2017,44236,44237,"@125829 Hey Ben! Don't worry, we're here to help. Can you DM us your account's email address or username? We'll take a look backstage /MT https://t.co/ldFdZRiNAt",Sun Nov 26 00:57:48 +0000 2017
44240,125830,for some reason i can’t get my local files on spotify to become available on my phone again like i don’t know what happened 😡,Sat Nov 25 23:53:04 +0000 2017,44238,44240,"@125830 Hi there, that doesn't sound good! Can you let us know the device, operating system, and Spotify version you're rocking? We'll see what we can suggest /AK",Sun Nov 26 00:57:06 +0000 2017
44239,125830,@SpotifyCares i’m trying to transfer local files from my macbook air with macOS sierra version 10.12.6 to my iphone 7 with ios 11 and spotify version 8.4.28.1104,Sun Nov 26 01:05:17 +0000 2017,44241,44239,"@125830 Thanks for sending those details. Can you try reinstalling the app on both devices using the steps here: https://t.co/EqisDMwZAT? Afterwards, try syncing your local files to your phone by following the steps at https://t.co/SgMwFS1ONz. Let us know how it goes /AK",Sun Nov 26 01:13:37 +0000 2017
44294,125846,@SpotifyCares my wife invited me to family premium. Where do I input the invite code to accept the invitation?,Sat Nov 25 16:31:39 +0000 2017,44293,44294,"@125846 Hey Steven! Don't worry, help's here. Can you DM us your account's email address or username? We'll take a look backstage /MT",Sun Nov 26 00:55:11 +0000 2017
44296,125847,@SpotifyCares when will you guys bring back the unlink tracks option,Sat Nov 25 16:29:22 +0000 2017,44295,44296,"@125847 Hey! We don't have any info on this right now, but we'll let the right team know it's something you'd like to see /NQ",Sun Nov 26 00:49:04 +0000 2017
44298,125848,"@SpotifyCares the Kelly Jones, only the names have changed album is bringing up wrong artist and wrong album but the correct album cover. Please update",Sat Nov 25 16:21:22 +0000 2017,44297,44298,"@125848 Hey there! Can you let us know which device and operating system you're using, along with a screenshot of what you're seeing? We'll see what we can suggest /NQ",Sun Nov 26 00:48:12 +0000 2017
44302,125849,@SpotifyCares I tweeted you earlier today and have not heard back. Someone else is using my account again. This is the second time in a week.,Sat Nov 25 20:20:07 +0000 2017,44301,44302,@125849 We're sorry to hear that. This is something for our Account's team. You can reach them by heading to our contact form &gt; select Logging in &gt; I can't log in to Spotify &gt; I STILL NEED HELP /MG /MG,Sun Nov 26 00:46:08 +0000 2017
44304,125850,"Ah, wonderful. A random person is listening to my @115888 Premium account in France. No idea how I've been hacked, but suppose it can happen on any service.",Sat Nov 25 23:35:34 +0000 2017,44303,44304,@125850 Hey Paul! We’re sorry to hear that. Check out https://t.co/QHn3ok8y2n for what to do next. Feel free to send a tweet our way if you need us again /YM,Sun Nov 26 00:44:55 +0000 2017
44306,125851,@115888 Why I'm not eligible for this offer?. I already try to have an trial before. 😢,Sat Nov 25 16:30:25 +0000 2017,44305,44306,"@125851 Hey John, help's here! Could you DM us your account's email address and username? We'll take a look backstage /CG https://t.co/ldFdZRiNAt",Sun Nov 26 00:43:33 +0000 2017
44400,125852,"@SpotifyCares Hey! So I can't renew my acc because it says that my balance isn't enough, the fact's mine's more than enough :(",Sat Nov 25 16:23:05 +0000 2017,44398,44400,@125852 Can you DM us your account's email address or username? We'll take a look backstage /NQ https://t.co/ldFdZRiNAt,Sun Nov 26 00:42:42 +0000 2017
44402,125852,"Hai @118266, kok gagal terus yaa? Dibilangnya pulsa tidak mencukupi, padahal pulsa lebih dari cukup https://t.co/PnP3gHQRCJ",Sat Nov 25 06:22:38 +0000 2017,44401,44402,"@125852 Hey! We can help out in English via Twitter, but we also have Bahasa support via email at https://t.co/ZgU70TbP8M /AD",Sat Nov 25 12:07:36 +0000 2017
44405,125853,"@SpotifyCares I have a Samsung S7, Android 7.0 and the latest version of the Spotify app",Sat Nov 25 16:20:55 +0000 2017,44403,44405,@125853 Got it. Could you also get back to us with the OS and Spotify version you're using on your computer? /MT,Sun Nov 26 00:41:56 +0000 2017
44404,125853,@SpotifyCares My laptop runs on Windows 10 and my Spotify is the latest update,Sun Nov 26 00:58:32 +0000 2017,44406,44404,@125853 Thanks for the info. Does reinstalling the app on both devices help at all? You can follow the steps here: https://t.co/EqisDMwZAT /MT,Sun Nov 26 01:05:29 +0000 2017
44407,125853,@SpotifyCares I tried that multiple times,Sun Nov 26 01:09:14 +0000 2017,44408,44407,"@125853 Just to make sure, have you tried steps laid out here: https://t.co/SgMwFS1ONz? Keep us posted /MT",Sun Nov 26 01:14:33 +0000 2017
44409,125853,"@SpotifyCares Yes, I even reset their locations to see if that would work but it didn't",Sun Nov 26 01:17:51 +0000 2017,44410,44409,"@125853 Hmm, that's odd. Are both devices connected to the same WiFi network? We'd also recommend using different connections /MT",Sun Nov 26 01:28:03 +0000 2017
44411,125853,@SpotifyCares Yes they are. And I've tried the other networks available to me,Sun Nov 26 11:27:07 +0000 2017,44412,44411,@125853 Could you DM us your account's email address or username? We'll take a look backstage /MT https://t.co/ldFdZR1cbT,Mon Nov 27 00:21:13 +0000 2017
44414,125853,@116130 I'm having a lot of difficulty syncing my Local Files to the mobile app. I've been having this problem on and off for a while but now nothing is working. I've tried all the suggested methods on the community site to no affect. https://t.co/fpzjYlbl7B,Sat Nov 25 03:35:58 +0000 2017,44413,44414,"@125853 Hey! Help's here. Can you let us know what device, operating system, and Spotify version you're rocking? We'll see what we can suggest /RA",Sat Nov 25 07:15:04 +0000 2017
44416,125854,"Thank you, @115888 , for the ad that interrupted the music I had streaming at work. The children loved hearing about ""real n*****s.""",Sat Nov 25 16:23:09 +0000 2017,44415,44416,"@125854 Hey Claire, we didn't mean to cause any offense. We'll pass the feedback on to the right people /CG",Sun Nov 26 00:40:43 +0000 2017
44308,125855,@115888 how,Sat Nov 25 16:15:24 +0000 2017,44417,44308,"@125855 Hey! To sign up for the offer, just visit https://t.co/WB5TSxRfDe. We'd recommend using a credit card, debit card, or PayPal as your payment method. Hope that helps /NQ",Sun Nov 26 00:37:39 +0000 2017
44420,125856,"@SpotifyCares where's Bonzo goes to Bitburg by Ramones? In fact, the whole album, Animal boy, is not available. Wtf.",Sat Nov 25 16:09:42 +0000 2017,44418,44420,"@125856 Hey Lucas! Just to check, what country is your Spotify account set to? /MT",Sun Nov 26 00:36:38 +0000 2017
44423,125857,"@SpotifyCares Hi, i want to upgrade to premium. On computer i get the offer ""3. months for 99,00 kr."", but on playstation i dont see the offer. Is it possible to use this offer on playstation?",Sat Nov 25 15:54:01 +0000 2017,44422,44423,@125857 Hey Morten! We've just sent you a bit more info over DM. We'll carry on helping out there /KB,Sun Nov 26 00:34:35 +0000 2017
44426,125858,"@118266 haiii Spotify.. please help. Akun saya tidak bisa diakses, padahal akun tsb sudah saya daftarkan ke premium. Saya sudah masukkan username dan password yg benar tapi ditolak, saat akan reset password, email saya terdaftar di username lain. Gmn ya? #sedih",Sat Nov 25 16:06:00 +0000 2017,44424,44426,"@125858 Hey! We can help out in English via Twitter, but we also have Indonesian support via email at https://t.co/ZgU70TbP8M /NQ",Sun Nov 26 00:33:50 +0000 2017
44425,125858,"@SpotifyCares Hello, I've tried to tell my problem from the website https://t.co/CjnbQxnYv1 but until now I can't get my premium account back, I still can't logged in to my account :( @115888 @118266 @SpotifyCares",Sun Nov 26 02:19:25 +0000 2017,44427,44425,@125858 Thanks for the info. Can you DM us your account's email address? We'll take a look  backstage and see what we can suggest /NY https://t.co/ldFdZRiNAt,Sun Nov 26 14:09:12 +0000 2017
44431,125859,@SpotifyCares I need help with deactivating my account.,Sat Nov 25 15:59:59 +0000 2017,44430,44431,@125859 Hi there! Help's here. Can you DM us your account's email address or username? We'll take a look backstage /NQ https://t.co/ldFdZRiNAt,Sun Nov 26 00:31:31 +0000 2017
44671,121069,"@SpotifyCares why i cant play my playlist folder on iphone app? You are SPOTIFY,guys do it please!",Wed Nov 01 15:51:53 +0000 2017,44669,44671,"@121069 Hi there, the cavalry's here! Does logging out, restarting your device, and logging back into Spotify help? Keep us in the loop /JI",Wed Nov 01 16:28:23 +0000 2017
44670,121069,"@SpotifyCares On iphone app in folder wich i create on PC and put inside some playlist i dont have play button like in PC app
Tnaks",Wed Nov 01 17:39:11 +0000 2017,44672,44670,"@121069 Okay. Just to confirm, are you having trouble playing a local file playlist within your Spotify app? We'll be awaiting your reply /JI",Wed Nov 01 18:05:42 +0000 2017
44674,125915,@SpotifyCares can y’all add a feature where I can watch/ listen to adds for more skips? I’m too poor for premium,Wed Nov 01 16:24:01 +0000 2017,44673,44674,@125915 Hey there! We can see how that’d be handy. Thanks for taking the time to reach out – your feedback's been noted 📝 /MX,Wed Nov 01 16:27:37 +0000 2017
44676,125916,"@115888 It took me four seconds to deactivate it yes, but why is that an automatic trigger ... literally logging in to my Spotify?",Wed Nov 01 15:01:29 +0000 2017,44675,44676,@125916 Hey there. Can you send us a DM with your account's email address? We'll take a look at what happened /LS https://t.co/ldFdZRiNAt,Wed Nov 01 16:27:28 +0000 2017
44679,125917,WHEN THE FUCK ARE WE GETTING THE FEELS COVER .@2602 .@115888,Wed Nov 01 16:13:39 +0000 2017,44678,44679,"@125917 Hey Chloe! We’d love to have all of their stuff available, but we have some info about content here: https://t.co/0i8GpimuDa /GU",Wed Nov 01 16:25:51 +0000 2017
44681,125918,Look I love you &amp; all but also get your shit together and stop undownloading all my songs @115888 this $10 ain’t a joke,Wed Nov 01 16:03:19 +0000 2017,44680,44681,@125918 2: https://t.co/38J7tFlIBF. They should help with this. Let us know how everything goes /JE,Wed Nov 01 16:25:01 +0000 2017
44681,125918,Look I love you &amp; all but also get your shit together and stop undownloading all my songs @115888 this $10 ain’t a joke,Wed Nov 01 16:03:19 +0000 2017,44682,44681,"@125918 1: Hey, we're sorry to hear that. We'd suggest checking out the steps under “Downloads unexpectedly removed” at...",Wed Nov 01 16:24:52 +0000 2017
44684,125919,"Over 30 Million Songs but when it comes to your generated Mixtapes @115888 mistakes #Diversity for an old, old wooden ship. #noNewSongs",Wed Nov 01 16:04:25 +0000 2017,44683,44684,@125919 Hey Gero! Can you let us know what's happening exactly? We'll see what we can suggest /JP,Wed Nov 01 16:23:13 +0000 2017
44686,125920,@SpotifyCares Thanks! You've really nailed the recommendation aspect 💚. I think library organization is an area all streaming services can improve.,Wed Nov 01 16:18:16 +0000 2017,44685,44686,@125920 We can see how that’d be handy. Thanks for taking the time to reach out – your feedback's been noted 📝 /DV,Wed Nov 01 16:22:13 +0000 2017
44688,125920,@115888 library limit (10k songs) is a pretty big failure of premium streaming services. Shows the limits of subscription vs buying. 😕,Wed Nov 01 15:33:26 +0000 2017,44687,44688,@125920 Hi Ryan! Thanks for the feedback. We'll be sure to pass it onto the right team. Let us know if there's anything else we can do to help /DV,Wed Nov 01 16:12:28 +0000 2017
44691,125921,@SpotifyCares I can't update my current username (it is gc_89). It only allows me to change my email. I also can't connect to FB :( Pls Help,Wed Nov 01 15:41:14 +0000 2017,44689,44691,@125921 2: For more info on how to connect a Facebook profile to your Spotify account check: https://t.co/fI2NF40484 /TY,Wed Nov 01 16:20:42 +0000 2017
44692,125921,@SpotifyCares I tried disconnecting this supposedly other Spotify acct from FB but I have not been able to,Thu Nov 02 12:11:05 +0000 2017,44693,44692,@125921 Can you DM us the email address that you use for Facebook? We'll take a look backstage /SY https://t.co/ldFdZRiNAt,Thu Nov 02 14:06:49 +0000 2017
44696,125922,@SpotifyCares I can’t control my music from lock screen on ios11. I did reinstall/soft reset the phone. No respite! Care to fix this bug?,Wed Nov 01 16:05:55 +0000 2017,44695,44696,"@125922 Hey Kiran! Our best tech folks are on the case as we speak. Hopefully we'll have a fix soon. For anything else, let us know /GU",Wed Nov 01 16:16:47 +0000 2017
44698,125923,there’s barely any ian brown catalogue on spotify US. sort it out.,Wed Nov 01 15:56:53 +0000 2017,44697,44698,"@125923 Hey Eve! We’d love to have all of their stuff available, but we have some info about content here: https://t.co/0i8GpimuDa /K",Wed Nov 01 16:16:04 +0000 2017
45302,126013,@117153,Wed Nov 22 19:40:52 +0000 2017,45301,45302,@126013 Hi there! That's not cool. Could you send us a DM with your account's email address? We'll take a look backstage /QI https://t.co/ldFdZRiNAt,Wed Nov 22 21:12:03 +0000 2017
45731,126136,@SpotifyCares Please do! X,Wed Nov 01 16:38:31 +0000 2017,45730,45731,"@126136 Sure! If there's anything else, give us a shout. https://t.co/m4HWSbgHVZ 🙂 /JE",Wed Nov 01 16:44:17 +0000 2017
45733,126136,@SpotifyCares It says the case is closed?,Wed Nov 01 16:27:50 +0000 2017,45732,45733,"@126136 Sorry for the mix-up. We appreciate your feedback, and we'll pass your comments on to the right folks /JE",Wed Nov 01 16:37:41 +0000 2017
45735,126136,Does @115888 have a blocking function of sorts? There are artists I don't want any music from ever. https://t.co/XJdCdGWoFO,Wed Nov 01 16:18:11 +0000 2017,45734,45735,"@126136 Hi Dana! We don't have any specific info on this right now, but we'd suggest supporting the idea by voting here: https://t.co/hlXvRg5Zog /JE",Wed Nov 01 16:26:21 +0000 2017
45737,126137,Hey @115888 I need this Copeland album because it’s a banger and hardly anyone knows it exists. https://t.co/II7N9SFESH,Wed Nov 01 16:35:28 +0000 2017,45736,45737,"@126137 Hey there! We’d love to have all of their stuff available, but we have some info about content here: https://t.co/0i8GpimuDa /GU",Wed Nov 01 16:44:00 +0000 2017
45739,126138,"@115888 @117168
Fix ya self pls
Give me the old full artwork back. https://t.co/DDt9HqVvm7",Wed Nov 01 16:30:32 +0000 2017,45738,45739,@126138 Hey there! Thanks for sharing your thoughts on this. We’ll make sure your feedback reaches the right folks /JE,Wed Nov 01 16:43:04 +0000 2017
45741,126139,@115888 they also made a shitty Italian playlist! why aren't you guys doing better in securing your premium paid subscribers' accounts? https://t.co/L6vkLFbcHl,Wed Nov 01 16:35:22 +0000 2017,45740,45741,@126139 Hey Jessie! Can you DM us your account's username and email address? We'll take a look backstage /SY https://t.co/ldFdZRiNAt,Wed Nov 01 16:42:42 +0000 2017
45744,126140,.@115888 what did I do to deserve a terrible discover weekly playlist. why have you forsaken me like this,Wed Nov 01 16:26:27 +0000 2017,45743,45744,@126140 2: tunes. Fingers crossed it'll be a better fit next week. Give us a shout for anything else 🙂 /LP,Wed Nov 01 16:40:43 +0000 2017
45744,126140,.@115888 what did I do to deserve a terrible discover weekly playlist. why have you forsaken me like this,Wed Nov 01 16:26:27 +0000 2017,45745,45744,@126140 1: Hey there! We're sorry to hear Discover Weekly wasn’t to your liking this week. Keep listening to your favorite...,Wed Nov 01 16:40:21 +0000 2017
45747,126141,"Yo @115888, please add the album ""Guaranteed"" by Morris Day to your library!!",Wed Nov 01 16:31:38 +0000 2017,45746,45747,"@126141 Hey! We’d love to have all of their stuff available, but we have some info about content here: https://t.co/0i8GpimuDa /JP",Wed Nov 01 16:40:15 +0000 2017
45749,126142,@SpotifyCares that doesn't answer my question,Wed Nov 01 16:22:27 +0000 2017,45748,45749,"@126142 2: are working round the clock to have your favorite tunes on Spotify. For anything else, we're just a tweet away 🙂 /LP",Wed Nov 01 16:32:23 +0000 2017
45752,126142,@SpotifyCares when will dream part 2 by astro be on spotify,Wed Nov 01 15:54:19 +0000 2017,45751,45752,"@126142 Hi there! Fingers crossed we'll be able to have it soon, but there's info about Spotify content here: https://t.co/0i8GpimuDa /LP",Wed Nov 01 16:06:01 +0000 2017
45749,126142,@SpotifyCares that doesn't answer my question,Wed Nov 01 16:22:27 +0000 2017,45750,45749,"@126142 1: We're afraid we're unable to guarantee if or when it will be available to you. Rest assured, our Content folks...",Wed Nov 01 16:32:07 +0000 2017
45755,126143,@115888 BUT WHY https://t.co/EVCaXjR4cH,Wed Nov 01 16:09:53 +0000 2017,45753,45755,"@126143 Hi Karen! You can save up to 3,333 offline tracks on your offline device. More info at https://t.co/WSjJgGAmPy /DV",Wed Nov 01 16:31:40 +0000 2017
45754,126143,@SpotifyCares That’s annoying. 🙃,Wed Nov 01 16:43:05 +0000 2017,45756,45754,@126143 We understand where you're coming from. No worries. We'll pass your feedback onto the right folks /DV,Wed Nov 01 16:47:49 +0000 2017
46642,126367,@SpotifyCares excuses over excuses i just want the albums 😔,Wed Nov 01 16:56:19 +0000 2017,46640,46642,@126367 We hear you loud and clear. Fingers crossed we'll be able to have it soon /JI,Wed Nov 01 16:59:19 +0000 2017
46644,126367,fnc is so woke they have aoa's japanese and korean discography on spotify why can't cube do the same???,Wed Nov 01 16:44:56 +0000 2017,46643,46644,"@126367 Hey there! We’d love to have all of their stuff available, but we have some info about content here: https://t.co/0i8GpimuDa 🙂 /JI",Wed Nov 01 16:51:36 +0000 2017
46646,126368,"@SpotifyCares It is fairly clear how it should work, but I don't listen to jam bands. So P Groove, Jerry Garcia and Flaming Lips in the same week is odd.",Wed Nov 01 16:54:33 +0000 2017,46645,46646,@126368 We hear you! Don't worry - we'll make sure to pass your feedback on to the right team 😉 /SY,Wed Nov 01 16:57:29 +0000 2017
46648,126368,"Dear @115888, can't imagine what I listened to that gave you the idea to constantly fill my #DiscoverWeekly with Jam bands. Please stop.",Wed Nov 01 16:47:18 +0000 2017,46647,46648,"@126368 1: Hey! Discover Weekly's based on your listening history, and on others who dig similar stuff. The more you listen, the better it gets.",Wed Nov 01 16:51:57 +0000 2017
46651,126369,@115888 its not on #India region 🤔. Any update whn we can get #music #Spotify 🙏 https://t.co/P1P9YeenGL,Wed Nov 01 16:44:14 +0000 2017,46650,46651,@126369 2: Be sure to add your email at https://t.co/X8DVSX9QgM to be first to hear /CP,Wed Nov 01 16:56:36 +0000 2017
46651,126369,@115888 its not on #India region 🤔. Any update whn we can get #music #Spotify 🙏 https://t.co/P1P9YeenGL,Wed Nov 01 16:44:14 +0000 2017,46652,46651,"@126369 1: Hey Dinesh! We don't have any info to share at the moment, but we're launching in new countries as often as possible.",Wed Nov 01 16:56:29 +0000 2017
46654,125640,"@126370 @115888 That's a relief, I always smash the skip button 👌",Wed Nov 01 16:50:01 +0000 2017,46653,46654,"@125640 Perfect! If you need us again, just... https://t.co/AUc7DGJpgF 🙂 /BE",Wed Nov 01 16:53:43 +0000 2017
46648,126368,"Dear @115888, can't imagine what I listened to that gave you the idea to constantly fill my #DiscoverWeekly with Jam bands. Please stop.",Wed Nov 01 16:47:18 +0000 2017,46649,46648,"@126368 2: Thanks for sharing your thoughts, we'll pass it on to the relevant folks /SY",Wed Nov 01 16:52:03 +0000 2017
46660,126371,"@SpotifyCares I canceled Facebook and want to create a premium account using my same email, but I have to “log in” to cancel it. please help",Wed Nov 01 16:25:42 +0000 2017,46658,46660,@126371 Hi Jeffrey! Can you send us a DM with your account's email address? We'll take a look under the hood /XF https://t.co/ldFdZRiNAt,Wed Nov 01 16:50:04 +0000 2017
46662,126372,@SpotifyCares Can you tell me why this is happening? https://t.co/1uMBrzBFzc,Wed Nov 01 16:36:17 +0000 2017,46661,46662,@126372 Hey! This is our surprise for you when playing songs from the different Stranger Things playlists we created with Netflix /JP,Wed Nov 01 16:48:05 +0000 2017
48070,126749,Why would anyone even want to be abroad in England tho??? Sort it out @115888 https://t.co/mAdgb5v3bT,Thu Nov 02 17:19:21 +0000 2017,48069,48070,@126749 Hey! Can you DM us your account's email address? We'll see what we can suggest /CB https://t.co/ldFdZRiNAt,Thu Nov 02 17:26:38 +0000 2017
48072,126750,@SpotifyCares Just putting a lil drama here hahahah dont mind me. Keep doing u guys! Hearts from the PH!,Thu Nov 02 17:15:41 +0000 2017,48071,48072,"@126750 Haha! If you ever need help with anything else, just give us a shout. Otherwise, have a... https://t.co/FQulrDtFky 😉 /GU",Thu Nov 02 17:23:42 +0000 2017
48074,126750,@SpotifyCares Hate to burst ur bubble @SpotifyCares but https://t.co/A8WeUwU4kt,Thu Nov 02 17:10:04 +0000 2017,48073,48074,"@126750 Hey David! We don't currently offer Filipino support, but we can help out in English via Twitter. We hope that's cool with you /GU",Thu Nov 02 17:12:28 +0000 2017
48078,126751,@115888 why does ur Christmas pop radio not have all I want for Christmas is you by Mariah Carey,Thu Nov 02 17:01:03 +0000 2017,48077,48078,"@126751 Hey there! We're constantly working to improve the app and it features, including Radio. Your feedback has been noted 🙂 /KL",Thu Nov 02 17:23:15 +0000 2017
48080,126752,"@SpotifyCares I remember the reply from your side finally being: we know this is an issue, working on it or something. But it’s a bug so should be fixed..",Thu Nov 02 17:15:28 +0000 2017,48079,48080,@126752 Gotcha. Could you DM us your account's email address? We'll take a look backstage /LM https://t.co/ldFdZRiNAt,Thu Nov 02 17:21:50 +0000 2017
48083,126752,"@SpotifyCares I'm sorry, I tried that last time to no avail. Can you instead first verify for me that this is indeed a feature that is supposed to work ?",Thu Nov 02 15:47:19 +0000 2017,48081,48083,"@126752 We understand, but could you let us know when exactly you reinstalled the app? Also, what Spotify version are you currently running? /LM",Thu Nov 02 17:02:21 +0000 2017
48085,126752,"@SpotifyCares Hello #Spotify. 26 Sept I reported a bug, wha'ts the status ? I still can't drag playing #songs to #playlists :((((
 isn't this a big issue?",Thu Nov 02 11:06:34 +0000 2017,48084,48085,@126752 Hi again. We're sorry you feel that way. Can you try reinstalling the app using the steps here: https://t.co/EqisDMwZAT? /LM,Thu Nov 02 15:14:41 +0000 2017
48087,126752,"@SpotifyCares Tried that, totes doesn't work. When I play from mobile OR desktop, I can't drag the currently playing song...",Tue Sep 26 09:06:29 +0000 2017,48086,48087,"@126752 Thanks for giving it a shot. We're afraid it's not currently possible on Mac. Don't worry, we'll pass on your feedback to our devs /AY",Tue Sep 26 09:37:39 +0000 2017
48089,126752,@SpotifyCares Mac / OSX 10.11 + 1.0.63.617.g5aca9a2a and IOS 11 + spotify 8.4.18.632 https://t.co/mdW5xnhS3T,Thu Sep 21 20:36:09 +0000 2017,48088,48089,"@126752 Got it. Can you try logging out, restarting your devices, then logging back in? Let us know how it goes /JE",Thu Sep 21 20:45:47 +0000 2017
48091,126752,Why the heck can I drag a 'next up' song but not a current #song to a #playlist @115888 @SpotifyCares ? really weird #ux https://t.co/XcjSEisFYQ,Thu Sep 21 17:40:41 +0000 2017,48090,48091,"@126752 Hey Michael, that doesn't look right! What device, operating system, and Spotify version are you using? We'll see what we can suggest /JE",Thu Sep 21 20:04:39 +0000 2017
48093,126753,WHY IS THIS NOT ON @115888  !!!!      - I need to properly cry today and this is impeding that https://t.co/vxNWdnsnjT,Thu Nov 02 17:03:36 +0000 2017,48092,48093,@126753 Hi! We’ll have it available to you as soon as it’s available to us https://t.co/0i8GpimuDa /TR,Thu Nov 02 17:21:38 +0000 2017
48095,126754,@115888 should definitely consider adding mixtapes to your line up.,Thu Nov 02 16:54:12 +0000 2017,48094,48095,@126754 Hey Tristan! We’ve got some info about mixtapes here: https://t.co/MEjmIRL2eB /DV,Thu Nov 02 17:20:09 +0000 2017
48097,126755,. @115888 Care to explain what Nickelback is doing in a Metal playlist? https://t.co/b9BiPeIyAR,Thu Nov 02 16:57:34 +0000 2017,48096,48097,"@126755 Hey there! Our Curation team are independent &amp; use taste, data, and trends to create playlists, but we’ll pass on your feedback /KL",Thu Nov 02 17:19:44 +0000 2017
48099,126756,@7997 Hey I'm a student in Sthlm searching an internship &amp; was recommended to ask this question here to get hlp. Where should I turn?,Thu Nov 02 16:51:05 +0000 2017,48098,48099,"@126756 Hey Elsa! For more information about internships, check out the Spotify for Students section at https://t.co/c1Z94oBFOl 🙂 /VK",Thu Nov 02 17:19:40 +0000 2017
48101,126757,@SpotifyCares You guys have the best support team!! I'll DM you now :),Thu Nov 02 16:29:14 +0000 2017,48100,48101,@126757 We appreciate the kind words. We've just replied to your DM. Let's carry on chatting there 🙂 /CP,Thu Nov 02 17:19:19 +0000 2017
48103,126757,@SpotifyCares Just followed the reinstall instructions provided and when I tried logging in I got Error Code: 2  again. Suggestions? https://t.co/5nzL1LdUlk,Thu Nov 02 15:52:56 +0000 2017,48102,48103,@126757 Thanks for giving that a try. Can you DM us your account's email address? We'll take a look under the hood /CP https://t.co/ldFdZRiNAt,Thu Nov 02 16:28:11 +0000 2017
48105,126757,"@SpotifyCares Before messing with the settings I was getting error code: 2

I am able to use the web player, but miss my friend feed",Thu Nov 02 14:57:24 +0000 2017,48104,48105,@126757 Best thing to try here is a reinstall. Just follow the steps at https://t.co/EqisDMwZAT. Let us know how it goes /CP,Thu Nov 02 15:39:38 +0000 2017
48108,126757,@SpotifyCares  I've been having issues connecting to the Desktop App at work. Can you help me with this?,Thu Nov 02 13:46:58 +0000 2017,48106,48108,@126757 Hi Andrea! Help's here. Can you tell us more about what's happening? We'll see what we can suggest /CP,Thu Nov 02 14:55:19 +0000 2017
48111,126758,"@115888 I get tempted once on a while, then I find some dickery and then remember why I prefer not to pay for the service",Thu Nov 02 16:13:01 +0000 2017,48109,48111,"@126758 Hey! Is your Spotify misbehaving? You can tell us more about it, and we'll see what we can do to help /MS",Thu Nov 02 17:19:07 +0000 2017
48110,126758,"@SpotifyCares no, it's working as intended cutting from the last manson album to an endless stream of ""suggested songs"" of bland shitty metal #thanks",Thu Nov 02 17:20:50 +0000 2017,48112,48110,@126758 You can try adding more artists into your playlists to reduce the number of Suggested Tracks you get. We hope this helps! 😉 /MS,Thu Nov 02 18:05:05 +0000 2017
48116,126759,@115888 We need @115888 in Macedonia 🇲🇰 Please 🙏🏼,Thu Nov 02 16:52:48 +0000 2017,48114,48116,@126759 Hey! We're launching in new countries as often as possible. Be sure to add your email at https://t.co/X8DVSX9QgM /TR,Thu Nov 02 17:18:50 +0000 2017
48115,126759,@SpotifyCares Thanks for your information 🙏🏼,Thu Nov 02 21:28:05 +0000 2017,48117,48115,@126759 You're welcome! Just give us a shout if you have any other questions. We're just a tweet away /LM,Thu Nov 02 21:40:21 +0000 2017
48120,126760,@126761 @60192 what happened to halfway there pt2? And the vibe higher mixtape? #spotifytakeover,Thu Nov 02 16:32:28 +0000 2017,48119,48120,"@126760 Hey! Fingers crossed we'll be able to have it soon, but there's info about Spotify content here: https://t.co/0i8GpimuDa /CB",Thu Nov 02 17:18:14 +0000 2017
48123,126762,@SpotifyCares I think it works on faster speeds? Idk the search bar has been kind of wonky lately,Thu Nov 02 17:12:25 +0000 2017,48121,48123,"@126762 We understand. Can you try using a different internet connection, and see if it makes a difference? /GU",Thu Nov 02 17:17:15 +0000 2017
48122,126762,@SpotifyCares I've tried using 2 and for both cases search is kind of on-and-off. Usually off when I sleep my computer and go back to spotify,Thu Nov 02 17:23:16 +0000 2017,48124,48122,@126762 That's odd. Could you DM us your account's username or email address? We'll take a look backstage /GU https://t.co/ldFdZRiNAt,Thu Nov 02 17:37:22 +0000 2017
48126,126762,@SpotifyCares Well technically it works. It only errors when you hit the search button,Thu Nov 02 16:04:02 +0000 2017,48125,48126,"@126762 Hmm. Just to check, are you on a shared WiFi network? If not, restarting your router is worth a try. Keep us in the loop /GU",Thu Nov 02 16:35:21 +0000 2017
48128,126762,@SpotifyCares there's something wrong with the search :( https://t.co/EOaGD3BKyw,Thu Nov 02 14:21:11 +0000 2017,48127,48128,@126762 Hey Dana! Does logging out and logging back in help? Restarting your device is also worth a try. Let us know how it plays out /GU,Thu Nov 02 15:25:48 +0000 2017
48131,126763,"@SpotifyCares Version 10.10.5 OSX Yoesmite. No changes to system. I own 3 Spotify accounts and no matter which is open, after a short while, it just goes",Thu Nov 02 17:04:13 +0000 2017,48129,48131,@126763 That's odd. Can you DM us your account's email address? We'll take a look under the hood /QI https://t.co/ldFdZRiNAt,Thu Nov 02 17:16:36 +0000 2017
48130,126763,@SpotifyCares 1972mazz is one of them. It doesnt have anything to do with the account. its the application on a macbook,Thu Nov 02 18:01:40 +0000 2017,48132,48130,"@126763 We'd suggest deleting your tweet as it contains your username. Can you send it to us via DM? Just click ""Send a private message"" above /QI",Thu Nov 02 18:14:51 +0000 2017
48134,126763,@SpotifyCares No updates. I have downloaded it 6 times in a year. A lot of my fellow Mac users have the same issue.,Thu Nov 02 16:47:22 +0000 2017,48133,48134,"@126763 Got it. Can you let us know your MacBook's OS version? Also, do you recall anything you've changed before it usually happens? /QI",Thu Nov 02 17:01:59 +0000 2017
48136,126763,@SpotifyCares The link you sent talks about songs being removed. Im talking about the entire Spotify application going. See the picture. Always happening. https://t.co/TV4qAM8eZA,Thu Nov 02 14:24:39 +0000 2017,48135,48136,@126763 We're sorry for the confusion. Did you update anything on your desktop (your OS) before this happened? Does reinstalling the app help? /QI,Thu Nov 02 15:31:04 +0000 2017
48138,126763,"Why does @115888 always have to be downloaded again on a #Macbook?  Works for a few months, then becomes a text file! @SpotifyCares",Sun Oct 22 14:00:08 +0000 2017,48137,48138,@126763 Sorry to hear that! Check out the steps under “Downloads unexpectedly removed” at https://t.co/38J7tFlIBF. They should help with this /PB,Sun Oct 22 20:05:47 +0000 2017
48577,126822,"My ""Discover"" playlist on Spotify today is just loads of covers of Harvest Moon by Neil Young.",Wed Nov 01 16:37:45 +0000 2017,48575,48577,"@126822 2: your tastes next week. If anything else comes up, we're just a tweet away 🙂 /NG",Wed Nov 01 17:11:11 +0000 2017
48576,126822,@SpotifyCares I didn't say I wasn't enjoying it!,Wed Nov 01 17:12:39 +0000 2017,48578,48576,"@126822 Oops, apologies for that! Have a... https://t.co/OdbkcWnbGH 💚 /NG",Wed Nov 01 17:19:18 +0000 2017
48582,126823,@126824 @115888 @125633 sad to say Spotify is not in India,Wed Nov 01 17:02:41 +0000 2017,48580,48582,@126823 Hey Prajwal! We're launching in new countries as often as possible. Be sure to add your email at https://t.co/X8DVSX9QgM /K,Wed Nov 01 17:08:14 +0000 2017
48581,126823,@SpotifyCares but when it's been 9 years since Spotify was launched,Wed Nov 01 17:11:25 +0000 2017,48583,48581,"@126823 We understand. Rest assured, we'll update everyone who's added their email to that form when it's available! /K",Wed Nov 01 17:29:55 +0000 2017
48586,126825,@SpotifyCares This worked for 1 day and the release date is gone and only the year is shown.,Wed Nov 01 16:10:44 +0000 2017,48585,48586,@126825 That's odd. Could you send us a DM with your account's email address? We'll take a look backstage /NH https://t.co/ldFdZRiNAt,Wed Nov 01 17:00:27 +0000 2017
48588,126825,"@SpotifyCares High Sierra, and latest version of spotify Desktop for Mac. Restarted my computer, signed out and still same issue. See attached screen shot https://t.co/k9Ksdp4Lv7",Thu Oct 26 14:58:27 +0000 2017,48587,48588,@126825 Can you send us the album's URI? We'll take a closer look /PL,Sun Oct 29 06:54:46 +0000 2017
48591,126825,@SpotifyCares Still hasn’t corrected itseltf !,Thu Oct 26 12:10:04 +0000 2017,48590,48591,@126825 Thanks. Can you let us know the operating system and Spotify version you're using? We'll see what we can suggest /RS,Thu Oct 26 12:44:00 +0000 2017
48593,126825,"@115888 noticed on my desktop app that the release date is no longer showing, is this due to a random update?",Wed Oct 25 17:15:03 +0000 2017,48592,48593,"@126825 Hey there, help's here! Does logging out &gt; restarting the device &gt; logging back in help? Keep us posted /MQ",Wed Oct 25 17:46:25 +0000 2017
49106,126966,i so badly wanna listen to reputation. it needs to be released on spotify already,Wed Nov 22 21:56:15 +0000 2017,49105,49106,"@126966 Hey there! We’ll have it available to you as soon as it’s available to us! For now, check out the singles: https://t.co/3h0TnPWP0c /NG",Wed Nov 22 22:20:59 +0000 2017
49242,127005,@117153 yo,Wed Nov 01 17:08:57 +0000 2017,49241,49242,@127005 Hey Julian! What's on your mind? We'll see what we can suggest /DV,Wed Nov 01 17:17:29 +0000 2017
49244,127006,@SpotifyCares 2/2 and none of my playlists have copied over. I paid £9.99 on 30th for premium. Thanks.,Wed Nov 01 16:36:52 +0000 2017,49243,49244,@127006 Hi Zoë! Can you DM us your account's email address or username? We'll take a look under the hood /NH https://t.co/ldFdZRiNAt,Wed Nov 01 17:15:32 +0000 2017
50180,127241,@117153. have just found out you have been billing me twice a month for two years. Through my bank and my phone account. Get in touch,Wed Nov 01 17:35:04 +0000 2017,50179,50180,@127241 Hi there! We've just sent you a bit more info over DM. We'll carry on helping out there /AU,Wed Nov 01 17:43:00 +0000 2017
50182,127242,@SpotifyCares pls check your DMs,Wed Nov 01 17:28:52 +0000 2017,50181,50182,@127242 Hey there! We've just sent a DM your way. Let's carry on chatting there /AU,Wed Nov 01 17:38:52 +0000 2017
50185,127243,@115888 why isn’t Danny Elfman’s album So-Lo streaming? 😪,Wed Nov 01 16:51:02 +0000 2017,50183,50185,"@127243 Hey there! Can you send us the link to the album? Also, what country is your Spotify account set to? /DN",Wed Nov 01 17:35:57 +0000 2017
50184,127243,@SpotifyCares I’m in the US and I don’t have a link to the album because it’s not streaming. :(,Wed Nov 01 17:59:30 +0000 2017,50186,50184,"@127243 We’d love to have all of his stuff available, but we have some info about content here: https://t.co/0i8GpimuDa /KL",Wed Nov 01 18:17:22 +0000 2017
50550,127342,"@SpotifyCares Yesssssssss man I love you guys.
Screw Apple Music, it blows.",Wed Nov 01 20:57:10 +0000 2017,50549,50550,@127342 Aww. That made us blush! https://t.co/qujhFP3por 💚 /XF,Wed Nov 01 21:58:55 +0000 2017
50552,127342,"Yo, @115888 I find Nicki Minaj offensive. Any chance of a block button",Wed Nov 01 20:27:40 +0000 2017,50551,50552,"@127342 Hi, help's here! We hope you vote for this idea in our community post here: https://t.co/rqyzoF2SLd. Let us know if you need anything 🙂 /JQ",Wed Nov 01 20:44:37 +0000 2017
50626,127359,@116130 please can someone tell me how to get shuffle working properly? 😂🙈 what's happened to the app?!,Wed Nov 01 21:47:33 +0000 2017,50624,50626,"@127359 Hey there! What's happening exactly? Can you let us know the device, operating system, and app version you're using? /PB",Wed Nov 01 21:58:40 +0000 2017
50627,127359,@SpotifyCares Same person) or a song followed by the remix of the same song. So frustrating I want random shuffle! It's the most recent app update on iOS,Thu Nov 02 07:22:11 +0000 2017,50628,50627,"@127359 That's odd. Just to check, does it do the exact same thing when you shuffle it again? /MU",Thu Nov 02 07:32:03 +0000 2017
50629,127359,@SpotifyCares Yeah it's been doing it for a while but I made a new playlist to test fully. So it's not just a new update? Do I try redownloading the app?😊,Thu Nov 02 07:33:50 +0000 2017,50630,50629,"@127359 First, try logging out &gt; restarting your device &gt; logging back in. Did it make a difference? /MU",Thu Nov 02 07:37:55 +0000 2017
50639,127361,"Spotify
https://t.co/F6dZmue4go

Apple… https://t.co/pf9H8GPaG7",Wed Nov 01 21:41:39 +0000 2017,50637,50639,@127361 Woohoo! That's awesome. This calls for a https://t.co/ArJFNes23V 🎶 /CO,Wed Nov 01 21:53:02 +0000 2017
50732,127379,Hey @SpotifyCares I can’t found new single “Falsa Fada” by @29753 on @115888 https://t.co/CX20P97pmn,Wed Nov 22 21:23:06 +0000 2017,50731,50732,@127379 @2852 @2853 Hey there. Sometimes content gets temporarily removed because of licensing changes. Hopefully we'll have it available again soon! /JX,Wed Nov 22 22:28:34 +0000 2017
50734,127380,"@SpotifyCares I just cancelled my family spotify premium,would i still get charged?",Wed Nov 22 21:47:23 +0000 2017,50733,50734,"@127380 Hey, that's not cool! Can you shoot us a DM with your account's username or email address? We'll see what's happening backstage /JM https://t.co/ldFdZR1cbT",Wed Nov 22 22:28:19 +0000 2017
50894,127424,"uhh so somehow i can’t even log into my spotify, but my failed log in attempt reactivated my facebook account? honestly what the fuck https://t.co/cNFUXpcJAF",Wed Nov 01 21:24:14 +0000 2017,50893,50894,@127424 Hey! Can you DM us your account's email address? We'll take a look backstage /K https://t.co/ldFdZRiNAt,Wed Nov 01 21:48:25 +0000 2017
51569,127573,@SpotifyCares you've got mail.,Wed Nov 01 20:11:19 +0000 2017,51568,51569,@127573 We just replied to your DM. Check your messages! /CB,Wed Nov 01 21:48:09 +0000 2017
51571,127573,same thing @SpotifyCares need the right link! :) https://t.co/dWZsIrxGBU,Wed Nov 01 19:05:17 +0000 2017,51570,51571,@127573 Thanks for the info. Can you DM us with screenshots of the email and the site the link takes you to? We'll take a look /CB https://t.co/ldFdZRiNAt,Wed Nov 01 19:09:32 +0000 2017
51761,127636,"@127637 Bonjour, je ne reçois plus aucun mail de Spotify car je n'ai pas de réponse du support, comment vous contacter autrement?",Wed Nov 01 17:12:10 +0000 2017,51760,51761,@127636 @127637 Hey! We just replied to your DM with more info. Check your messages /CB,Wed Nov 01 18:13:24 +0000 2017
51763,127638,"Hey guys, I cannot seem to update my payment information and I have worked too hard on these playlists for you guys to cancel my subscription. Help a brother out! @115888 @SpotifyCares",Wed Nov 01 17:41:25 +0000 2017,51762,51763,"@127638 @115888 Hi, we've just replied to your DMs. We'll carry on chatting there 🙂 /SY",Wed Nov 01 18:06:41 +0000 2017
51765,127639,"@SpotifyCares Obviously they don't work. found workaround: Sort albums/artists by ""name"" then go back to ""songs"" &amp; shuffle again. THIS IS NOT IMPROVEMENT!",Wed Nov 01 17:41:31 +0000 2017,51764,51765,"@127639 Thanks for letting us know. Rest assured, we'll definitely be passing your feedback on this to the right team! /CB",Wed Nov 01 18:06:40 +0000 2017
51767,127639,@SpotifyCares Shuffling my entire library isn't giving me truly random shuffle. Fix it. smdh. 🤦‍♂️ about to go to pandora. Using Windows 8.1,Wed Nov 01 16:05:59 +0000 2017,51766,51767,@127639 Hi Connor! We’ve recently made some improvements to our shuffle algorithm. We’d love to hear your feedback here: https://t.co/T3vZnSL3od /HR,Wed Nov 01 16:19:13 +0000 2017
52333,127771,@SpotifyCares WHY IS BTOB's COMPLETE AND I MEAN ALBUMS REMOVED ON SPOTIFY????,Wed Nov 01 18:22:29 +0000 2017,52332,52333,@127771 Hi there! Sometimes content is removed due to licensing. You can find more info at https://t.co/MEjmIRL2eB /RP,Wed Nov 01 18:25:08 +0000 2017
52335,127772,@SpotifyCares Ok but are you bringing it back or,Wed Nov 01 18:19:57 +0000 2017,52334,52335,"@127772 We don't have any info on this at the moment. Rest assured, your feedback will be passed on to the right folks /KL",Wed Nov 01 18:22:12 +0000 2017
52337,127772,@SpotifyCares spotify pls :(,Wed Nov 01 18:03:34 +0000 2017,52336,52337,@127772 Hey there! We can see how that’d be handy. Thanks for taking the time to reach out – your feedback's been noted 📝 /KL,Wed Nov 01 18:18:50 +0000 2017
52340,127773,@SpotifyCares Taking Dawn is my band. I can't access my band's Spotify page. Can you please help me? THANK YOU! Feel free to DM,Wed Nov 01 18:08:49 +0000 2017,52339,52340,@127773 Hey Chris! We've sent a DM your way. Check your inbox for it /KL,Wed Nov 01 18:21:02 +0000 2017
52342,127774,@SpotifyCares Where is my Premium account? I can't cancel account if you are charging me for something I can't log into! FIX IT!,Wed Nov 01 18:07:20 +0000 2017,52341,52342,@127774 Hey Gregor! Can you DM us your account's email address and username? We'll take a look backstage /KL https://t.co/ldFdZRiNAt,Wed Nov 01 18:19:40 +0000 2017
52345,127775,"@SpotifyCares ""Next 30min are ad free thanks to the following sponsor"" then the ad finished, I heard one song and I got 3 ads in a row. Tf?",Wed Nov 01 18:04:25 +0000 2017,52343,52345,"@127775 Hey, that doesn't sound good! Did the app crash at any point during the 30 minutes? That can cause the ad-free time to reset /JX",Wed Nov 01 18:18:18 +0000 2017
52344,127775,"@SpotifyCares Never crashed, so idk",Wed Nov 01 18:44:53 +0000 2017,52346,52344,"@127775 Thanks! Just to check, did you definitely watch the video ad that gives 30 minutes ad-free listening in full after hearing the offer? /JX",Wed Nov 01 18:47:57 +0000 2017
52347,127775,"@SpotifyCares Yes, the whole City Bank ad played and I waited and then heard one song and then got multiple afterwards.",Wed Nov 01 18:49:09 +0000 2017,52348,52347,@127775 That's strange. We'll get this passed on to our devs so they can look into it. Give us a shout if you need anything else /JX,Wed Nov 01 18:53:09 +0000 2017
52351,127776,"@SpotifyCares I update my payment method before I was billed, was still billed to the old method and you have now overdrawn my account",Wed Nov 01 17:11:07 +0000 2017,52350,52351,@127776 Hey! Can you DM us your account's email address? We'll see what we can suggest /CB https://t.co/ldFdZRiNAt,Wed Nov 01 18:15:38 +0000 2017
53122,127970,@SpotifyCares I've sent you a DM,Wed Nov 01 18:08:08 +0000 2017,53121,53122,@127970 We've just sent you a bit more info over DM. We'll carry on helping out there 🙂 /CG,Wed Nov 01 18:40:23 +0000 2017
53125,127971,"@115888 Your @127972 app is terrible, you should be embarrassed.  No functionality. Do better. https://t.co/c9UuxyhayM",Wed Nov 01 17:09:31 +0000 2017,53123,53125,@127971 @127972 Hi Dave! We're sorry to hear you feel that way. Can you tell us more? We'll see what we can do about it /NH,Wed Nov 01 18:42:07 +0000 2017
53127,127971,"@SpotifyCares @127972 For example, the Spotify app on Xbox one is great, wish I was able to access something similar on roku",Wed Nov 01 20:53:54 +0000 2017,53128,53127,"@127971 We understand your frustration. Rest assured, your feedback is being heard while we work with Roku on the best path forwards /NH",Wed Nov 01 22:54:44 +0000 2017
53130,124332,"@SpotifyCares Seems to me u label music with a sexual preference, which is odd, and that music in turn with a user. Feels very inappropriate and not pc.",Wed Nov 01 14:40:22 +0000 2017,53129,53130,"@124332 We're sorry you feel that way, and rest assured that's not the case. We've let the right folks know how you feel about this /Q",Wed Nov 01 18:40:10 +0000 2017
38319,124332,@115888 8 drag queens in 30 discover weekly songs. Seems to me your algorithm is making inappropriate connections about music and users.,Wed Nov 01 14:28:32 +0000 2017,38320,38319,"@124332 1: Hey Thomas! It's based on your listening history, and on others who dig similar stuff. The more you listen, the better it gets.",Wed Nov 01 14:36:18 +0000 2017
53133,127973,"@SpotifyCares the discover page was basically showing Discover Weekly, Release Radar, New Releases For You and then duplicating the Overview page list",Wed Nov 01 16:23:06 +0000 2017,53132,53133,"@127973 Thanks for letting us know! Just to check, are you able to see your recommended music after the relaunch? /HR",Wed Nov 01 18:39:53 +0000 2017
53136,127973,".@116130 whys the discover page changed? Where is my recommended music? I don't want ""Focus with some new music"" - none of it is tailored",Wed Nov 01 10:34:34 +0000 2017,53135,53136,"@127973 Hey Sam! What device, OS, and Spotify version are you using? Sending us a screenshot of what you can see on your end would be great too /AY",Wed Nov 01 13:00:31 +0000 2017
53138,127974,"@SpotifyCares Thank you so much! Listen, I'm a huge spotify fan. Keep up the amazing work friends",Wed Nov 01 18:32:49 +0000 2017,53137,53138,"@127974 Thanks, you're welcome! Keep being awesome 🔥 /Q",Wed Nov 01 18:36:57 +0000 2017
53140,127974,@115888 your 'sub low' playlist is essential to getting things done and it hasn't been updated since September pls help,Wed Nov 01 17:08:10 +0000 2017,53139,53140,"@127974 Hey Dylan! Thanks for your feedback. We can't be sure of an exact timeframe, but we'll make sure to let the right folks know 🙂 /Q",Wed Nov 01 18:31:35 +0000 2017
53674,128138,okay jw why @3029 version of Creep or Somebody to Love is not on @115888 yet? i’m just tryna jam,Wed Nov 01 17:33:39 +0000 2017,53673,53674,@128138 2: can't be reached with the content provider. You can find more info about Spotify content here: https://t.co/0i8GpimuDa /JE,Wed Nov 01 18:58:53 +0000 2017
53674,128138,okay jw why @3029 version of Creep or Somebody to Love is not on @115888 yet? i’m just tryna jam,Wed Nov 01 17:33:39 +0000 2017,53675,53674,"@128138 1: Hey Lexi! We do our best to have everything on our catalog, but sometimes agreements are ongoing or...",Wed Nov 01 18:58:47 +0000 2017
53677,128139,@115888 who is best to talk to about account issues?,Wed Nov 01 17:50:38 +0000 2017,53676,53677,@128139 Hey! Can you DM us your account's email address along with more info? We'll see what we can suggest /CB https://t.co/ldFdZRiNAt,Wed Nov 01 18:56:12 +0000 2017
53682,128140,@115888 the new feature of playing music videos in playlists sucks. It’s now playing the video music plus regular music.,Wed Nov 01 17:47:18 +0000 2017,53678,53682,"@128140 Hey! Can you give us more info on what's happening? Also, what device, OS, and Spotify version are you using? /CB",Wed Nov 01 18:55:57 +0000 2017
53679,128140,@SpotifyCares And I’m using the desktop version on my laptop,Wed Nov 01 18:57:47 +0000 2017,53683,53679,"@128140 How long has this been happening for? Can you let us know the device, OS, and Spotify version you're running? /CB",Wed Nov 01 19:02:02 +0000 2017
53684,128140,@SpotifyCares The past 2 days. Laptop. Spotify Premium. Newest desktop update.,Wed Nov 01 19:04:01 +0000 2017,53685,53684,@128140 2: You can find this info by going into Help &gt; About Spotify. We hope that hear from you soon with this info! /CB,Wed Nov 01 19:08:45 +0000 2017
53684,128140,@SpotifyCares The past 2 days. Laptop. Spotify Premium. Newest desktop update.,Wed Nov 01 19:04:01 +0000 2017,53686,53684,"@128140 1:Thanks, but we need to know what laptop you're using, as well as the OS. We also need to know your exact Spotify version.",Wed Nov 01 19:08:37 +0000 2017
53687,128140,@SpotifyCares HP EliteBook. Intel Core i7. Windows 10. https://t.co/PItTf0kvIq,Wed Nov 01 19:11:04 +0000 2017,53688,53687,@128140 Thanks for the info! Can you DM us your account's email address? We'll take a look backstage /CB https://t.co/ldFdZRiNAt,Wed Nov 01 19:15:00 +0000 2017
53691,128141,I wish you could direct message people on @115888 . Like you're listening to a song and something clicks and you want to mention it.,Wed Nov 01 17:45:12 +0000 2017,53689,53691,"@128141 Hey, we have some info about this here: https://t.co/xW1fRS96NG. Give us a shout if you have any other questions /CB",Wed Nov 01 18:55:17 +0000 2017
53690,128141,@SpotifyCares hmmmm seems like there's demand for it.,Wed Nov 01 19:12:44 +0000 2017,53692,53690,"@128141 We understand, and we're passing on all feedback about this. If you have any comments, feel free to add them to that thread /CB",Wed Nov 01 19:14:18 +0000 2017
53695,128142,@115888 why is the spotify desktop app on my Mac soooooo slow ??? Aaargh #spotify,Wed Nov 01 17:36:37 +0000 2017,53693,53695,"@128142 Hey! What device, operating system, and Spotify version are you using? We'll see what we can suggest /CB",Wed Nov 01 18:54:46 +0000 2017
53694,128142,@SpotifyCares Hi ! It’s an iMac retina 5k late 2015. MacOs high Sierra v 10.13  spotify version 1.0.66.478.g1296534d,Wed Nov 01 19:13:20 +0000 2017,53696,53694,@128142 Thanks for the info. How long has this been happening for? What troubleshooting have you tried so far? /CB,Wed Nov 01 19:17:25 +0000 2017
53698,128142,@SpotifyCares Al necessary updates done. Empty cache done... web based spotify is faster. But I think my Spotify Premium deserves to be fast.,Wed Nov 01 19:20:01 +0000 2017,53699,53698,@128142 Thanks for letting us know. When did this start happening? Does logging out and back in help? You can also try restarting the app /CB,Wed Nov 01 19:21:46 +0000 2017
53700,128142,@SpotifyCares Always been like that. Restarting the app helps for a few minutes.,Wed Nov 01 19:23:48 +0000 2017,53701,53700,@128142 Thanks for keeping us in the loop. Can you DM us your account's email address? We'll take a look backstage /CB https://t.co/ldFdZRiNAt,Wed Nov 01 19:26:33 +0000 2017
53703,128143,@115888 wtf is going on https://t.co/doxR5PjIFs,Wed Nov 01 17:24:53 +0000 2017,53702,53703,@128143 Hey! Can you DM us your account's email address? We'll see what we can suggest /CB https://t.co/ldFdZRiNAt,Wed Nov 01 18:54:34 +0000 2017
53711,128145,@SpotifyCares Hey! I was kicked out of my family plan. How can I go back to Premium with that same plan?,Wed Nov 01 18:45:29 +0000 2017,53710,53711,@128145 Hey Paula! Can you DM us your account's username and email address? We'll take a look backstage /JX https://t.co/ldFdZRiNAt,Wed Nov 01 18:51:31 +0000 2017
53131,124332,"@SpotifyCares Ok. Just to be sure, I'll listen to some country music, unless Spotify thinks I am into cowboys and indians next week. Lol.",Wed Nov 01 18:48:29 +0000 2017,53712,53131,@124332 No worries! We'll be right here if you need anything else 🙂 /Q,Wed Nov 01 18:51:14 +0000 2017
53715,128146,@SpotifyCares I can't subscribe to spotify premium here in Canada as I only have a UK bank card. Please help me sort this out.,Wed Nov 01 18:25:09 +0000 2017,53713,53715,"@128146 Hey! If you're in Canada, you'll need to sign up using a Canadian payment method. We hope that clears everything up /CB",Wed Nov 01 18:48:12 +0000 2017
53714,128146,@SpotifyCares Can I use Paypal linked to my UK bank account?,Thu Nov 02 01:19:26 +0000 2017,53716,53714,@128146 Does your PayPal account meet the requirements at https://t.co/3c3EcbDUkG? /AP https://t.co/ldFdZRiNAt,Thu Nov 02 01:24:20 +0000 2017
53718,128147,"@SpotifyCares Nah, I have most my songs offline on my phone and it works perfectly perfect. And also nah, even Adobe Photoshop doesn't crash my laptop.",Wed Nov 01 18:16:23 +0000 2017,53717,53718,@128147 We see. Can you DM us your account's username or email address? We'll take a look backstage /MC https://t.co/ldFdZRiNAt,Wed Nov 01 18:47:50 +0000 2017
53720,128147,@SpotifyCares I just did. It still crashes.,Wed Nov 01 16:17:22 +0000 2017,53719,53720,"@128147 Hmm. Does it happen across other devices too? Also, do you get the same issue with the other apps installed on your laptop? /MC",Wed Nov 01 17:45:15 +0000 2017
53722,128147,"Besides the fact that Spotify software crashing my Windows is super annoying, I am wondering why they didn’t reply to the main tweet. 🤔 https://t.co/WpQSSvAzKB",Wed Nov 01 14:47:26 +0000 2017,53721,53722,@128147 Sorry about that. Looks like you have an older app version. Could you try the steps at https://t.co/EqisDMwZAT to get the latest one? /MC,Wed Nov 01 14:55:10 +0000 2017
53724,127573,@SpotifyCares MØ tour presale issue: Montreal link goes to Boston show. Re-send with right link?,Wed Nov 01 18:24:23 +0000 2017,53723,53724,@127573 Hey! Do you have any trouble with the link if you use an incognito window? Let us know /CB,Wed Nov 01 18:47:41 +0000 2017
53726,128148,@SpotifyCares How do do I get rid of Spotiamp?!,Wed Nov 01 18:08:05 +0000 2017,53725,53726,@128148 Hi there! Can you DM us your account's username or email address? We'll take a look backstage /MC https://t.co/ldFdZRiNAt,Wed Nov 01 18:47:32 +0000 2017
53728,128149,@SpotifyCares I’ve tried both of those and neither worked,Wed Nov 01 17:53:28 +0000 2017,53727,53728,@128149 Hmm. Could you send us your account's username or email address via DM? We'll take a look backstage /LP https://t.co/ldFdZRiNAt,Wed Nov 01 18:45:42 +0000 2017
53730,128149,@SpotifyCares ios version 8.4.25 and ios 11.0.3,Wed Nov 01 17:45:56 +0000 2017,53729,53730,@128149 Got it. Does logging out and back in help? Restarting your device (hold Sleep/Wake + Volume Down for 10 seconds) is also worth a shot /LP,Wed Nov 01 17:50:45 +0000 2017
53732,128149,@SpotifyCares iphone 7plus and ive got the newest version of spotify,Wed Nov 01 17:34:34 +0000 2017,53731,53732,"@128149 Thanks. We're almost there, but we need the exact iOS and Spotify versions you have installed on your phone. We'll be right here waiting /LP",Wed Nov 01 17:43:32 +0000 2017
53734,128149,why cant you change the song on spotify from the lock screen or swipe up menu any more @SpotifyCares,Wed Nov 01 14:22:13 +0000 2017,53733,53734,"@128149 Hey Georgie, that doesn't sound right! What device, operating system, and Spotify version are you using? We'll see what we can suggest /JE",Wed Nov 01 14:56:21 +0000 2017
54530,128354,The past few days playing @115888 on my phone has caused it to overheat and lose about 60% battery in 30 minutes,Wed Nov 01 18:17:56 +0000 2017,54528,54530,"@128354 Hey! What device, operating system, and Spotify version are you using? We'll see what we can suggest /CB",Wed Nov 01 19:10:43 +0000 2017
54529,128354,"@SpotifyCares iPhone 6s Plus, iOS 10.3.2, and the most recently updated version of Spotify",Wed Nov 01 21:11:17 +0000 2017,54531,54529,@128354 Got it. Can you try to see if logging out &gt; restarting your phone &gt; logging back in to your account makes a difference? /DV,Wed Nov 01 21:16:23 +0000 2017
54532,128354,"@SpotifyCares That did work, thank you so much!",Wed Nov 01 22:45:26 +0000 2017,54533,54532,@128354 You're welcome! Give us a shout if there's anything else we can do to help. We'll be... https://t.co/AiEGsVLjXp /DV,Wed Nov 01 22:48:02 +0000 2017
54535,128355,@115888 when will astros new albums be added pls and thanks,Wed Nov 01 18:12:21 +0000 2017,54534,54535,@128355 Hey there! We’ll have it available to you as soon as it’s available to us. There's more info at https://t.co/0i8GpimuDa /JE,Wed Nov 01 19:10:12 +0000 2017
54537,128356,@115888 how do i change my premium account to a student premium one?,Wed Nov 01 18:19:04 +0000 2017,54536,54537,"@128356 Hey, help's here! You can apply for the student discount at https://t.co/anKs5CbHuB. Let us know how it goes /ND",Wed Nov 01 19:05:51 +0000 2017
54539,128357,What? Kool Keith's album Dr. Octogonocologist isn't on @115888? Do I have to switch back to Google Play Music?,Wed Nov 01 18:09:32 +0000 2017,54538,54539,@128357 Hi Matt. We’ll have it available to you as soon as it’s available to us! More info at https://t.co/0i8GpimuDa /DV,Wed Nov 01 19:03:27 +0000 2017
54542,128358,@3072 your Android SDK API doc reference is not available? https://t.co/jRGfGb8XMg @115888 https://t.co/CgWndZfif5,Wed Nov 01 18:08:20 +0000 2017,54540,54542,@128358 Hey Vishwajeet! Developer questions are probably best asked at https://t.co/TnmLH8i4bT. They'll be able to help out /JE,Wed Nov 01 19:03:12 +0000 2017
54541,128358,"@SpotifyCares It was not a question, more of letting you know that your documentation page is not working.",Wed Nov 01 20:51:09 +0000 2017,54543,54541,"@128358 Oops, sorry for the mix-up. In this case, we'd suggest heading to https://t.co/CLAXfKzWzO for more info. Hope that helps /JE",Wed Nov 01 21:18:17 +0000 2017
54545,128359,@115888 how do I get my account to family pack please. Settings don’t show any upgrade options. Thank you 🙏🏾,Wed Nov 01 17:58:23 +0000 2017,54544,54545,@128359 Hey there! Could you DM us your account's username or email address? We'll take a look backstage /GU https://t.co/ldFdZRiNAt,Wed Nov 01 19:02:44 +0000 2017
54753,128416,"@115888 ""Offer not available to users in Quebec..."" then why do I see the ad?",Wed Nov 22 23:52:04 +0000 2017,54752,54753,"@128416 Hey there! Currently, we’re not able to offer the 3 months for 0.99 CAD in Quebec due to circumstances outside our control. We hope to be able to make it available in the future. Could you DM us your account's email address and a screenshot of the email/notification? /LO https://t.co/ldFdZRiNAt",Thu Nov 23 00:26:28 +0000 2017
55220,128523,Thank youuuu!!!! It's finallllllly fixed!!! @115888 💚🖤💚🖤💚😘,Wed Nov 01 19:21:47 +0000 2017,55219,55220,"@128523 Glad to hear! If you ever need anything else, just shout and we'll come running 🏃 /KL",Wed Nov 01 19:24:09 +0000 2017
55223,128524,@SpotifyCares hey I just tried to save a new album to my library and it says my library is full. Is this a bug?,Wed Nov 01 18:57:18 +0000 2017,55221,55223,"@128524 Hey! If you have 10,000 songs in Your Music, you won't be able to add more. Anything else, we're here for you 🙂 /ND",Wed Nov 01 19:20:54 +0000 2017
55222,128524,@SpotifyCares Is there a way to increase the limit? I am a huge music fan and like to save and  browse my albums. This seems like a weird restriction.,Wed Nov 01 19:36:57 +0000 2017,55224,55222,"@128524 We hear you! We’d love to see your vote, and hear your feedback on this idea: https://t.co/8OOl8B2i69. Stay awesome 😁 /TY",Wed Nov 01 20:12:37 +0000 2017
55226,128524,@SpotifyCares It's not like the albums take up any actual space. It should basically just be an index of albums that I have clicked save on.,Thu Nov 02 00:09:19 +0000 2017,55227,55226,"@128524 1: We understand. Right now, we feel 10,000 tracks is a reasonable limit as less than 1% of users reach it. Don't worry, our devs are...",Thu Nov 02 00:28:59 +0000 2017
55226,128524,@SpotifyCares It's not like the albums take up any actual space. It should basically just be an index of albums that I have clicked save on.,Thu Nov 02 00:09:19 +0000 2017,55228,55226,@128524 2: constantly monitoring all feedback posted in our Community. Hopefully this is something we'll be able to implement in the future /NS,Thu Nov 02 00:29:05 +0000 2017
55230,128524,@SpotifyCares Is there a limit on the number of playlists I can have?,Thu Nov 02 00:36:01 +0000 2017,55231,55230,"@128524 We feel you. Your feedback has been noted and passed onto the team. By the way, there's no limit on how many playlists you can have /NS",Thu Nov 02 01:23:25 +0000 2017
55233,128525,Latest @115888 update blows! Searching my playlists and downloaded music was so much easier before,Wed Nov 01 18:43:07 +0000 2017,55232,55233,"@128525 We hear you, Paulo! Thanks for taking the time to reach out. Your feedback has been noted and passed onto the team /MQ",Wed Nov 01 19:20:30 +0000 2017
55235,128526,best @115888 playlist to listen to at work? help.,Wed Nov 01 18:41:34 +0000 2017,55234,55235,@128526 Hey! Maybe this playlist will help: https://t.co/NcZkmvm0MI. Let us know if you like it 😉 /CB,Wed Nov 01 19:19:13 +0000 2017
55237,128527,"@115888 why did you take away the full date in the album info?  You added it in there, and now you're taking it away! I need that date!",Wed Nov 01 18:39:19 +0000 2017,55236,55237,@128527 Hi there! Thanks for the feedback. We'll be sure to pass it onto the right team. Give us a shout if you have other questions /DV,Wed Nov 01 19:19:11 +0000 2017
55239,128528,"@115888 I can't access my account. If I create a new account,how do I cancel the old one?",Wed Nov 01 18:40:22 +0000 2017,55238,55239,@128528 We'd be happy to help! Can you DM us your account's email address and username? We'll take a look /KL https://t.co/ldFdZRiNAt,Wed Nov 01 19:19:04 +0000 2017
55242,128529,"@115888 Hi, my wife is a UK student (has a student card) but her college is not listed. How can she get student Spotify please?",Wed Nov 01 18:38:20 +0000 2017,55240,55242,"@128529 2. be added in the future at https://t.co/2l94QYiAaU. For anything else, let us know /GU",Wed Nov 01 19:18:55 +0000 2017
55241,128529,@SpotifyCares Thanks but the UK is not listed in the country list.,Wed Nov 01 19:43:28 +0000 2017,55243,55241,"@128529 2. UNiDAYS here: https://t.co/QjZHD4jDVM. In the meantime, let us know if you need help with anything else /GU",Wed Nov 01 20:03:36 +0000 2017
55241,128529,@SpotifyCares Thanks but the UK is not listed in the country list.,Wed Nov 01 19:43:28 +0000 2017,55244,55241,"@128529 1. We apologize for the confusion. Thanks for letting us know, we'll get this passed on to the right team. We'd suggest contacting...",Wed Nov 01 20:03:00 +0000 2017
55248,128530,"@115888 Hi guys, I’m using my MacBook Air and also my iPhone 6 SE. Thanks :)",Wed Nov 01 18:40:06 +0000 2017,55246,55248,@128530 Thanks! Does logging out &gt; restarting the device &gt; logging back in help? Keep us posted /TY,Wed Nov 01 19:18:18 +0000 2017
55247,128530,@SpotifyCares Will check and let you know. Thanks :),Wed Nov 01 21:11:55 +0000 2017,55249,55247,@128530 Alright. We'll be right here waiting for your update /GU,Wed Nov 01 21:14:10 +0000 2017
55254,128531,@SpotifyCares what does following an Artist do?,Wed Nov 01 18:54:23 +0000 2017,55252,55254,@128531 Hey Jack! Following an artist means you'll be notified whenever they release new content. Stay awesome 🙂 /ND,Wed Nov 01 19:17:44 +0000 2017
55253,128531,@SpotifyCares How can i see this while on desktop mode?,Wed Nov 01 20:25:49 +0000 2017,55255,55253,"@128531 It isn't available in the desktop app, but the notifications will be sent to your email. Enable it at https://t.co/aLOhtaQGNC /JL",Wed Nov 01 22:56:27 +0000 2017
55258,128532,When will @115888 be available in Romania ?,Wed Nov 01 18:41:16 +0000 2017,55256,55258,@128532 Hey! We're launching regularly in countries around the world. Sign up here to be first to hear: https://t.co/XDwWzj7cLP 🙂 /KL,Wed Nov 01 19:15:23 +0000 2017
55257,128532,"@SpotifyCares Ok, thank you :)",Thu Nov 02 17:27:18 +0000 2017,55259,55257,@128532 You're welcome! Stay awesome /KL,Thu Nov 02 17:30:59 +0000 2017
56062,128723,@115888 A mi me lo cobraron dos veces,Wed Nov 01 19:14:34 +0000 2017,56061,56062,@128723 @115888 ¡Hola! Te hemos enviado más información por MD. Continuemos hablando por interno /SF,Wed Nov 01 19:43:03 +0000 2017
56065,128724,@SpotifyCares Thanks!,Wed Nov 01 19:12:13 +0000 2017,56064,56065,@128724 You're welcome! Stay awesome /KL,Wed Nov 01 19:39:52 +0000 2017
56067,128724,@115888 How do we hide this “Find Friends” window on the Mac app? I don’t use it and it’s a waste of space.,Wed Nov 01 03:18:54 +0000 2017,56066,56067,"@128724 Hey Michael! You can hide that section by clicking View &gt; unchecking Right Sidebar. If there's anything else, just give us a shout /RH",Wed Nov 01 03:38:56 +0000 2017
8239,128725,"@117153 Hey, I payed but I still don't have premium?",Wed Nov 01 19:06:59 +0000 2017,56068,8239,@128725 That's odd! Can you DM us your account's email address and username? We'll take a look backstage /KL https://t.co/ldFdZRiNAt,Wed Nov 01 19:34:53 +0000 2017
56069,128725,"@SpotifyCares __email__
PW: edeire20021967",Sat Nov 04 09:59:44 +0000 2017,56071,56069,@128725 We'd suggest deleting your tweet that contains your private info. Could you send it via DM instead? Just click on the link above /LW,Sat Nov 04 11:13:52 +0000 2017
56074,128727,Do songs periodically get removed from @115888 ?!,Wed Nov 01 19:06:28 +0000 2017,56072,56074,"@128727 Hey, help's here! Can you tell us what's happening exactly? We'll see what we can suggest /BE",Wed Nov 01 19:32:21 +0000 2017
56073,128727,@SpotifyCares Brett Eldredge: ‘Wanna Be that Song’ was removed from my library &amp; is no longer available to download,Wed Nov 01 19:34:55 +0000 2017,56075,56073,"@128727 Can you send us the Spotify URI? Just right-click the track &gt; Share &gt; URI. Also, what country is your Spotify account set to? /BE",Wed Nov 01 19:51:01 +0000 2017
56076,128727,@SpotifyCares I can’t right click the track if the track is no longer viewable and/or no longer shows up when searched for.  My account is U.S.,Wed Nov 01 19:53:29 +0000 2017,56077,56076,"@128727 2: it soon, but there's info about Spotify content here: https://t.co/0i8GpimuDa. Let us know if we can help with anything else /BE",Wed Nov 01 20:19:40 +0000 2017
56076,128727,@SpotifyCares I can’t right click the track if the track is no longer viewable and/or no longer shows up when searched for.  My account is U.S.,Wed Nov 01 19:53:29 +0000 2017,56078,56076,@128727 1: We understand. We've checked the song and found that it's not available in your country. Fingers crossed we'll be able to have...,Wed Nov 01 20:19:31 +0000 2017
56080,128728,"@SpotifyCares my account is linked with Fido (CA), I would like to change my payment method and unlinked my account (conrad2pinet)",Wed Nov 01 15:26:35 +0000 2017,56079,56080,@128728 Hi Romain! We've already replied to your DM. Check your Messages to find our response /RP,Wed Nov 01 19:30:35 +0000 2017
56083,128729,@SpotifyCares why does your app suggest songs that are already in the playlist? That doesn't make sense,Wed Nov 01 19:04:51 +0000 2017,56081,56083,@128729 Hey Mike! Can you send us a screenshot of what you're seeing? We'll see what we can suggest /KL,Wed Nov 01 19:30:31 +0000 2017
56084,128729,"@SpotifyCares This was the seventh song suggested to me that was already on my playlist, and the fifth that had already played https://t.co/6kupfgnFoJ",Wed Nov 01 19:43:06 +0000 2017,56085,56084,"@128729 Thanks! To reduce the number of repeated Suggested Tracks, try adding more artists to your playlists /KL",Wed Nov 01 19:51:37 +0000 2017
56086,128729,@SpotifyCares The playlist contains music from the last seven years. The amount of artists is not the issue. There's something wrong in the coding,Wed Nov 01 20:05:22 +0000 2017,56087,56086,"@128729 Thanks for the info. Don't worry, we'll pass it on to the relevant team for them to have a look /PB",Wed Nov 01 20:27:31 +0000 2017
57064,128930,"@SpotifyCares PC, Windows 10 - I guess the version is ""1.0.66.478.g1296534d"" (that's all I could find in the about spotify bit)",Wed Nov 01 19:45:26 +0000 2017,57062,57064,@128930 Thanks. We'd suggest checking our support page at https://t.co/Qv6svydfvz for more info. Hope that helps /JE,Wed Nov 01 19:55:43 +0000 2017
57063,128930,@SpotifyCares Tried that but none of it works. Album is Modal Soul by Nujabes in mp3 format. I can see the files in spotify but they just wont play.,Wed Nov 01 20:09:13 +0000 2017,57065,57063,"@128930 Hmm. If possible, can you check if the same thing happens when using other devices? /JE",Wed Nov 01 20:20:35 +0000 2017
57067,128931,@128930 @SpotifyCares Mine either,Thu Nov 02 17:37:26 +0000 2017,57069,57067,"@128931 Hey there! What device, operating system, and Spotify version are you using? Also, can you give us more info about what's happening? /KL",Thu Nov 02 18:38:03 +0000 2017
57066,128930,@SpotifyCares Don't have another device to check with. I've installed quick time and a suggested codec and reinstalled spotify. Still doesnt work!,Thu Nov 02 17:36:36 +0000 2017,57068,57066,@128930 Okay. Can you DM us your username and email address? We'll take a look backstage and see what we can suggest /JI https://t.co/ldFdZRiNAt,Thu Nov 02 18:38:21 +0000 2017
57071,128930,@SpotifyCares I'm adding all my local files to spotify that you don't have available and it refuses to play this one album for no reason?,Wed Nov 01 18:58:56 +0000 2017,57070,57071,"@128930 Hey Owen, that doesn't sound right! What device, operating system, and Spotify version are you using? We'll see what we can suggest /JE",Wed Nov 01 19:29:49 +0000 2017
57073,128932,No longer getting the student discount from @115888 even though I'm still a student... Lame :(,Wed Nov 01 18:09:14 +0000 2017,57072,57073,"@128932 Hey there, help's here! Can you DM us your account's email address? We'll take a look backstage /MV https://t.co/ldFdZRiNAt",Wed Nov 01 19:50:31 +0000 2017
57557,129061,@115888 any update on the explicit filter or is 5 years not long enough to wait,Wed Nov 01 19:29:56 +0000 2017,57555,57557,@129061 Hey Mark! We don't have any info on this right now and thanks for bearing with us. Hopefully we'll have an update soon /GU,Wed Nov 01 20:14:10 +0000 2017
57556,129061,@SpotifyCares Can you specify when you will update us ? https://t.co/4cwusQseh7 was last updated 1 year ago by Spotify?,Thu Nov 02 09:14:21 +0000 2017,57558,57556,"@129061 We don't have any specific info to share about this, but make sure to keep an eye out on the idea in the community /PL",Thu Nov 02 09:24:12 +0000 2017
57559,129061,@SpotifyCares Please change your name SpotifyDoesntCare #SpotifyExlipicitFilter 5 years and counting,Thu Nov 02 11:54:05 +0000 2017,57560,57559,@129061 Sorry to hear you feel this way. Rest assured that the relevant team are on this as we speak /PL,Thu Nov 02 12:03:25 +0000 2017
57564,129062,"@SpotifyCares I don't get it am I supposed  to have the app available now?.
Because I still can't download it
Please explain how this works",Wed Nov 01 19:34:35 +0000 2017,57561,57564,@129062 Hmm. Can you let us know the country you're currently in? We'll see what we can suggest /PB,Wed Nov 01 20:12:58 +0000 2017
57562,129062,@SpotifyCares Thank you for the support thoe,Wed Nov 01 20:14:51 +0000 2017,57565,57562,@129062 Thanks for the info! We're not yet available in Egypt. We'd suggest signing up in the link to get notified once we are /PB,Wed Nov 01 20:20:17 +0000 2017
57567,129062,@115888 this is BS https://t.co/53bcxINRwe,Wed Nov 01 18:54:54 +0000 2017,57566,57567,@129062 Hi there! We're launching regularly in countries around the world. Sign up here to be first to hear: https://t.co/XDwWzj7cLP 🙂 /JI,Wed Nov 01 19:27:14 +0000 2017
57569,129063,"@SpotifyCares Hi, do you have an estimate when Spotify will start supporting voice commands with Siri?",Wed Nov 01 19:28:06 +0000 2017,57568,57569,@129063 2: to help make it happen. Let us know if you need anything else /SJ,Wed Nov 01 20:12:47 +0000 2017
57573,129064,@SpotifyCares Hey Spotify can you reply to my messages due some metadata problems? Thanks x,Wed Nov 01 19:36:28 +0000 2017,57572,57573,@129064 Hey there! We've just sent you a bit more info over DM /PB,Wed Nov 01 20:11:36 +0000 2017
57576,129065,@115888 hi is there a way to block people,Wed Nov 01 19:30:55 +0000 2017,57574,57576,"@129065 Hey there, we can see how that’d be useful! You can vote for the official idea here: https://t.co/Le9jT8ogaK /JX",Wed Nov 01 20:08:48 +0000 2017
57575,129065,@SpotifyCares much appreciated!,Wed Nov 01 20:11:04 +0000 2017,57577,57575,"@129065 You're welcome! If you ever need anything else, just shout and we'll come running 🏃 /JX",Wed Nov 01 20:19:52 +0000 2017
57579,129066,I swear to god I have a problem with @SpotifyCares every other month 😡😡,Wed Nov 01 19:24:04 +0000 2017,57578,57579,"@129066 Hey, help's here! We've just sent you a bit more info over DM. We'll carry on helping out there /JQ",Wed Nov 01 20:03:13 +0000 2017
58278,129236,@SpotifyCares Ah okay.  Thanks.,Wed Nov 01 20:26:33 +0000 2017,58277,58278,"@129236 No worries! For anything else, we're just a tweet away /JP",Wed Nov 01 20:28:44 +0000 2017
58280,129236,@SpotifyCares https://t.co/7o1265L4mk I cannot even find it on the app anymore.  I'm set to United States.,Wed Nov 01 20:22:43 +0000 2017,58279,58280,@129236 Thanks. Sometimes content gets temporarily removed because of licensing changes. Hopefully we'll have it available again soon! /JP,Wed Nov 01 20:26:01 +0000 2017
58284,129237,@SpotifyCares Why's there a 10K limit on songs in My Library? Why not unlimited? I just switched to Spotify from another and feel duped.,Wed Nov 01 20:19:04 +0000 2017,58282,58284,"@129237 Hey Matt, sorry to hear you feel that way. We have more info about this here: https://t.co/59ABtm5Ftl /JP",Wed Nov 01 20:28:00 +0000 2017
58283,129237,@SpotifyCares Doesn't really speak to my question. I asked why it is like that. It doesn't make sense to have a cap on a music library. #disappointed,Wed Nov 01 20:32:00 +0000 2017,58285,58283,"@129237 We're sorry to hear you feel that way. This ensures a great experience for most users instead of an ""OK"" experience for 100% /JP",Wed Nov 01 20:36:44 +0000 2017
58286,129237,@SpotifyCares That makes ZERO sense. What does me having more songs in my library have to do with other people having less songs? Still no answer to why?,Wed Nov 01 20:38:27 +0000 2017,58287,58286,"@129237 For more details about this, you can read the official response to the idea in our community: https://t.co/8OOl8B2i69 /JP",Wed Nov 01 20:41:11 +0000 2017
58288,129237,"@SpotifyCares Neither that post nor you have answered the question why's there a limit. ""Because it's better"" isn't a response. Why is it better?",Wed Nov 01 20:55:59 +0000 2017,58289,58288,"@129237 We don't have any more info to share about this. Don't worry, we're taking on all feedback /JP",Wed Nov 01 21:04:08 +0000 2017
58291,129238,@115888 @SpotifyCares help please :'(,Wed Nov 01 20:07:03 +0000 2017,58290,58291,@129238 Hey there! We've just sent a DM your way. Let's carry on chatting there /PB,Wed Nov 01 20:19:01 +0000 2017
58294,129239,@SpotifyCares How come there aren't any parents controls for family subscriptions?,Wed Nov 01 19:49:28 +0000 2017,58292,58294,"@129239 Hi Andre! We hear you. To help make it happen, we’d recommend showing your support for the idea here: https://t.co/3jHA9etigY /MC",Wed Nov 01 20:18:37 +0000 2017
58293,129239,"@SpotifyCares A post made in 2012, Spotify responds in 2016, and now its 2017.Doesnt seem to be on your radar or a good site for feedback.",Wed Nov 01 20:22:07 +0000 2017,58295,58293,"@129239 Sorry you feel that way. Don't worry, we'll give the right team a nudge about this. Hopefully this'll be available soon /MC",Wed Nov 01 21:00:49 +0000 2017
58296,129239,@SpotifyCares Thank ya for passing it along.,Wed Nov 01 21:30:54 +0000 2017,58297,58296,@129239 No worries. Just give us a shout if you ever need us again. We'd be... https://t.co/LgAM6ky9Vv 🙂 /MC,Wed Nov 01 21:46:51 +0000 2017
58300,129240,"@115888 Bring back your NUS partnership, my education doesn't support UniDays and I'm not paying full price when it should be half price 😆",Wed Nov 01 19:46:45 +0000 2017,58298,58300,"@129240 Hey there! Thanks for sharing your feedback about this, we'll pass it on to the relevant folks /SY",Wed Nov 01 20:16:05 +0000 2017
58299,129241,"@SpotifyCares @129240 On another matter, I have Spotify Premium.  I’m spending February in Florida. Will I be able to access all my playlists online there?",Mon Nov 13 03:04:14 +0000 2017,58301,58299,@129241 Hey Brian! Can you DM us your account's email address or username? We'll take a look /NS https://t.co/ldFdZRiNAt,Mon Nov 13 04:21:56 +0000 2017
58923,129419,@115888 are yous getting a new format? Earlier on today I updated and the cover art was on the whole screen but now it's gone?,Wed Nov 01 20:18:10 +0000 2017,58922,58923,@129419 Hey! We're always testing things in order to improve Spotify. There's more info here: https://t.co/GweRoESxcB /PB,Wed Nov 01 20:44:19 +0000 2017
58925,129420,@115888 having issues with verifying some artist. Pls DM me . Thanks,Wed Nov 01 20:15:18 +0000 2017,58924,58925,@129420 Hey! Can you drop us a DM with what's happening exactly? Just use the link below /JP https://t.co/ldFdZRiNAt,Wed Nov 01 20:40:22 +0000 2017
58927,129421,"@SpotifyCares I was charged $4.99 for student spotify and i don’t get it, its annoying how this stuff keeps happening; can you please DM me!",Wed Nov 01 20:30:33 +0000 2017,58926,58927,@129421 Hey! We've just sent a DM your way. Let's carry on chatting there /TR,Wed Nov 01 20:39:30 +0000 2017
58929,129422,"@SpotifyCares Aha! It came through. Thanks, found it.",Wed Nov 01 20:32:51 +0000 2017,58928,58929,@129422 Woohoo! This calls for a https://t.co/ArJFNes23V. Give us a shout if you need anything else /PB,Wed Nov 01 20:36:32 +0000 2017
58931,129422,"@115888 Not quite sure why I didn't receive a @3278 presale code, but have for others... they're one of my top listened to artists",Wed Nov 01 19:44:34 +0000 2017,58930,58931,@129422 Hey there. Pre-sale codes are being sent out by email to some of their top listeners on Spotify. Hopefully you're one of them! /PB,Wed Nov 01 20:16:06 +0000 2017
58935,129423,@115888 @SpotifyCares,Wed Nov 01 20:26:37 +0000 2017,58932,58935,@129423 Hey Jack! You can let us know here. What's happening exactly? Can you tell us more info about it? /JE,Wed Nov 01 20:35:30 +0000 2017
58933,129423,"@SpotifyCares From the Chrome console. 
Though I’ve had similar issues in Firefox too. https://t.co/WkaGOR8PWL",Wed Nov 01 20:48:48 +0000 2017,58936,58933,"@129423 Thanks! Just to check, have you tried clearing your browsers' cache and cookies? Are there any updates on your browsers' version? /JE",Wed Nov 01 20:53:53 +0000 2017
58937,129423,"@SpotifyCares Everything is up to date. Clearing the cache  reduced the length of the freezes, but they still happen. Getting about 60-100 logged errors per freeze. 
Thanks!",Wed Nov 01 21:02:39 +0000 2017,58938,58937,"@129423 Gotcha. Does logging out, restarting your device, and logging back in help at all? Let us know how it goes /JE",Wed Nov 01 21:26:24 +0000 2017
58939,129423,@SpotifyCares Nope that doesn’t help. It happens on multiple devices.,Wed Nov 01 21:34:01 +0000 2017,58940,58939,@129423 Hmm. Can you send us your account's email address or username via DM? We'll dig deeper 🔍 /JE https://t.co/ldFdZRiNAt,Wed Nov 01 21:36:50 +0000 2017
58943,129424,"@SpotifyCares Hi, I can't seem to download songs in my tablet even though I can on my phone. The app looks completely different. Please help",Wed Nov 01 20:22:10 +0000 2017,58942,58943,"@129424 Hi Rob, help's here! Can you let us know your device's model, OS, and Spotify version? We'll see what we can suggest /DV",Wed Nov 01 20:34:58 +0000 2017
58945,129425,@SpotifyCares The 2nd track follows the 1st on album &amp; has similar title but should sound like comical screaming backed w/ circus music &amp; be much shorter,Wed Nov 01 20:21:00 +0000 2017,58944,58945,@129425 Gotcha. We'll be sure to get this reported. Great detective work! 🔍 https://t.co/LpsmyUtme0 /JE,Wed Nov 01 20:33:46 +0000 2017
58948,129425,"Hey @SpotifyCares album Poison Summer by Trotsky Icepick has ""Clowns on Fire"" repeated where ""Clown on Fire(version)"" should be. @99984",Mon Oct 30 17:47:32 +0000 2017,58946,58948,@129425 Hey there! Can you send us both tracks' URIs or Links? We'll take a look backstage /PB,Mon Oct 30 20:09:51 +0000 2017
59692,129638,"@SpotifyCares hi, having sound issues on Pixel 2.  Audio to headphones still very quiet near max volume. Normalize and equalizer off.",Wed Nov 01 20:39:03 +0000 2017,59690,59692,@129638 Hey there! Can you let us know the Android and app versions you're using? We'll see what we can suggest /PB,Wed Nov 01 20:49:51 +0000 2017
59691,129638,@SpotifyCares 8.0.0 / latest.  It's only for some albums.  Same album I tested plays with correct volume in Groove.,Wed Nov 01 21:16:22 +0000 2017,59693,59691,"@129638 Got it. Just to check, do they sound quiet using a different headphones or other devices too? Keep us in the loop /PB",Wed Nov 01 21:31:16 +0000 2017
59694,129638,"@SpotifyCares Multiple pairs of headphones, which are otherwise fine i.e. When using Groove",Wed Nov 01 22:47:10 +0000 2017,59695,59694,@129638 Thanks for the info. Can you DM us your account's email address or username? We'll take a look backstage /PB https://t.co/ldFdZRiNAt,Wed Nov 01 22:51:44 +0000 2017
59698,129639,@115888 Where’s the JPN Ver. Of BOOMBAYAH 🤔 https://t.co/vbG1O0q2AJ,Wed Nov 01 20:26:30 +0000 2017,59696,59698,"@129639 Hey Leo! We’d love to have all of their stuff available, but we have some info about content here: https://t.co/0i8GpimuDa /SY",Wed Nov 01 20:52:52 +0000 2017
59697,129639,"@SpotifyCares Thanks for the link but it wasn’t helpful, every other streaming service has the song available. It’s only that track, the rest are there.",Wed Nov 01 21:18:59 +0000 2017,59699,59697,"@129639 2: Thanks for sharing your thoughts, we'll pass it on to the relevant folks /SY",Wed Nov 01 21:23:51 +0000 2017
59697,129639,"@SpotifyCares Thanks for the link but it wasn’t helpful, every other streaming service has the song available. It’s only that track, the rest are there.",Wed Nov 01 21:18:59 +0000 2017,59700,59697,"@129639 1: We'd love to have it in the app for everyone to enjoy, but music availability all boils down to licensing agreements.",Wed Nov 01 21:23:40 +0000 2017
59702,129640,"Spoke to @SpotifyCares. Nope, this is not something Spotify is equipped to do. Only ugly workarounds like logging off/on. https://t.co/DKNODm6h0O",Wed Nov 01 20:25:15 +0000 2017,59701,59702,"@129640 Hi Andrei, thanks for the feedback. We appreciate it! We’ll get this passed onto the right team /JQ",Wed Nov 01 20:44:45 +0000 2017
60383,129808,"@SpotifyCares feature request with more than 3000 votes, fully ignored https://t.co/agQ4FMrpBC",Wed Nov 01 20:57:33 +0000 2017,60382,60383,@129808 Hey there! Thanks for sharing your thoughts. We can't make promises but we'll pass them both on to the respective teams /PB,Wed Nov 01 21:06:32 +0000 2017
60386,129809,@Spotifycares where do we find the Spotify offer code for presale tix with Ticketmaster?,Wed Nov 01 21:00:15 +0000 2017,60384,60386,"@129809 Hey Brian! Can you let us know the artist, date. and location of the concert/event? We'll see what we can find /JP",Wed Nov 01 21:06:01 +0000 2017
60385,129809,@SpotifyCares Foo fighters in Atalanta on 4/28. Possibly part of the credit card on file with Spotify...,Wed Nov 01 21:15:37 +0000 2017,60387,60385,@129809 Thanks. Pre-sale codes are being sent out by email to some of Foo Fighter's biggest fans on Spotify. Hopefully you're one of them! /JP,Wed Nov 01 21:29:07 +0000 2017
61159,130003,@SpotifyCares I need to switch my account to a student account.,Wed Nov 01 21:07:56 +0000 2017,61158,61159,@130003 Great! Can you DM us your account's username and email address? We'll take a look under the hood /MS https://t.co/ldFdZRiNAt,Wed Nov 01 21:28:42 +0000 2017
61161,130003,Hey @SpotifyCares I need some help!,Tue Oct 17 20:41:57 +0000 2017,61160,61161,"@130003 Hey, help's here! Can you tell us what's happening exactly and on what device? We'll see what we can suggest /JM",Tue Oct 17 22:01:53 +0000 2017
61163,130004,@3493 any chance for more songs from bolbbalgan4/red cheek puberty/ 볼빨간 사춘기? would love their full album red planet,Wed Nov 01 21:16:33 +0000 2017,61162,61163,"@130004 Hey David! We’d love to have all of their stuff available, but we have some info about content here: https://t.co/0i8GpimuDa /CP",Wed Nov 01 21:27:44 +0000 2017
61165,130005,@spotifycares please help! I just realized I’ve been getting double charged for my account since March!,Wed Nov 01 21:25:04 +0000 2017,61164,61165,@130005 Hi there. Can you DM us your account's email address? We'll take a look backstage /LM https://t.co/ldFdZRiNAt,Wed Nov 01 21:26:47 +0000 2017
61170,130006,@115888 please dont play ads with sound at the bottom of your web player while I'm trying to listen to down with the sickness.,Wed Nov 01 19:45:30 +0000 2017,61166,61170,@130006 Hey John! Do ads play while you're streaming on the web player? Let us know - we'll look into this /SY,Wed Nov 01 21:24:57 +0000 2017
61167,130006,@SpotifyCares In the middle of down with the sickness.,Wed Nov 01 21:51:23 +0000 2017,61171,61167,@130006 Thanks! Does it happen when you use the web player in an incognito or a private browsing window? /SY,Wed Nov 01 22:27:52 +0000 2017
61172,130006,"@SpotifyCares So no, I haven't logged into the web player with incognito or private browsing",Wed Nov 01 22:29:57 +0000 2017,61174,61172,@130006 Gotcha. Try giving it another go using an incognito window of your browser to avoid any cache-related issues. Let us know how it goes /SY,Wed Nov 01 22:33:42 +0000 2017
61175,130006,@SpotifyCares Will do,Wed Nov 01 22:45:32 +0000 2017,61176,61175,"@130006 Sweet, we'll be right here when you get back 🙂 /SY",Wed Nov 01 22:52:48 +0000 2017
61179,130007,"Alright, @115888 time to add No Phun Intended, and Regional at Best to @130008 albums 👍🏼 alright, cool",Wed Nov 01 20:47:37 +0000 2017,61177,61179,@130007 Hey there! Could you let know what country your Spotify account is set to? We'll check it's availability /GU,Wed Nov 01 21:21:37 +0000 2017
61178,130007,"@SpotifyCares The US,, I'm sure they aren't available, they're pretty rare, to even buy",Wed Nov 01 21:23:50 +0000 2017,61180,61178,"@130007 Thanks! We’ll have it available to you as soon as it’s available to us! https://t.co/0i8GpimuDa. For anything else, let us know /GU",Wed Nov 01 21:28:52 +0000 2017
61181,130007,@SpotifyCares Hah Okk thank u,Wed Nov 01 21:29:42 +0000 2017,61182,61181,"@130007 You're welcome! If you ever need help with anything else, just give us a... https://t.co/AUc7DGJpgF 😉 /GU",Wed Nov 01 21:33:27 +0000 2017
61514,130089,@SpotifyCares Thanks tell them my life depends on this show 🆘,Wed Nov 01 21:42:11 +0000 2017,61513,61514,@130089 You're welcome. Give us a shout if you need anything else. We're... https://t.co/fgy8YvXib9 /SJ,Wed Nov 01 21:45:13 +0000 2017
61516,130089,@115888 @SpotifyCares I’ve been listening to @3400 for four years loop masterpiece “9” every morning why haven’t I got presale code?,Wed Nov 01 21:14:11 +0000 2017,61515,61516,@130089 Hey! We're afraid we're not sending out codes for Cashmere Cat's concert/tour. We'll pass your feedback on to the relevant folks /SJ,Wed Nov 01 21:35:13 +0000 2017
62346,130286,Hey @115888 why does this track play I Will Survive instead of Come And Get Your Love https://t.co/QZKy5MQucT,Thu Nov 23 02:10:41 +0000 2017,62344,62346,"@130286 Hey! Can you send us the Song Link? Just tap the three dots &gt; Share &gt; Copy Link. Also, what country is your account set to? We'll check it out /YM",Thu Nov 23 03:43:12 +0000 2017
62345,130286,"@SpotifyCares Sure! This is the song link, and I’m in the US. https://t.co/uGIDKCKlH1 Glad I could help",Thu Nov 23 03:46:43 +0000 2017,62347,62345,@130286 We can confirm that the track is longer available. Logging out and back in should refresh the app. Sometimes content gets temporarily removed because of licensing changes. Hopefully we'll have it available again soon! /YM,Thu Nov 23 03:56:24 +0000 2017
62349,130287,"@SpotifyCares  Wow, you know what would be helpful?  Totally taking away mouse scroll in the Windows client panes.  Your devs are fucking idiots who keep ruining the desktop application.",Thu Nov 23 02:08:01 +0000 2017,62348,62349,"@130287 We hear you loud and clear, Mark! We can’t make any promises but we’ll pass your feedback onto the right folks /RH",Thu Nov 23 03:39:37 +0000 2017
62425,130301,The only reason I have not purchased @115888 premium is because of recurring billing. Is there any way around this?,Wed Nov 01 21:26:15 +0000 2017,62424,62425,"@130301 Hey there! Could you head over at https://t.co/6U9K2VcuJI and see if that helps? For anything else, let us know /GU",Wed Nov 01 21:32:43 +0000 2017
62428,130302,"It's pretty impossible to get merch on @115888, which is a bummer, because that's most of our exposure and we barely get paid",Wed Nov 01 21:11:58 +0000 2017,62426,62428,"@130302 Hi there! Currently, merch is sourced from Merchbar. There’s more info on how to add yours here: https://t.co/hsBJNc0jog /DV",Wed Nov 01 21:31:21 +0000 2017
62427,130302,@SpotifyCares Tried reaching out to them in many different ways with no response :/,Thu Nov 02 03:13:27 +0000 2017,62429,62427,@130302 Our friends in Artist Support are the right folks to help with this. You can get in touch with them at https://t.co/p1wbtdELHu /AP https://t.co/ldFdZRiNAt,Thu Nov 02 03:40:13 +0000 2017
62431,130303,@SpotifyCares sent a DM! Was wondering if I could get some help :),Wed Nov 01 15:15:17 +0000 2017,62430,62431,"@130303 Hi, we've just replied to your DMs. Check your messages 🙂 /SY",Wed Nov 01 21:29:54 +0000 2017
64336,130762,@SpotifyCares Hopefully:(,Thu Nov 30 08:21:43 +0000 2017,64334,64336,"@130762 We can't wait to be there! If you have any other questions, just let us know and we'll come running 🏃 /RE",Thu Nov 30 08:26:23 +0000 2017
64335,130762,@SpotifyCares Thanks guys:),Thu Nov 30 08:26:51 +0000 2017,64337,64335,@130762 You're welcome! Have a wonderful day 💚 /RE,Thu Nov 30 08:28:31 +0000 2017
64339,130762,@115888 BRING SPOTIFY TO SAUDI ARABIA PULLEEAAHHSSEEE 😪😪😪💔💔💔💔🇸🇦,Thu Nov 30 08:12:33 +0000 2017,64338,64339,"@130762 Hi! We don't have any news about this at the moment, but we'd love to be there in the future. Hopefully we'll launch in Saudi Arabia soon /RE",Thu Nov 30 08:21:01 +0000 2017
64341,130763,@SpotifyCares I was charged for a free month and had to make a twitter account just to contact something other then an FAQ...,Thu Nov 30 08:22:04 +0000 2017,64340,64341,"@130763 Hey there! We have email support at https://t.co/ZgU70TbP8M, but we're happy to help and figure things out here on Twitter. Can you DM us your account's email address or username? We'll take a look backstage /KM https://t.co/ldFdZRiNAt",Thu Nov 30 08:26:09 +0000 2017
64343,130764,"Song download limits? C'mon.

We're living in 2017 while @115888 is still in 1967. Get with the times. https://t.co/1m2yHWLZ8H",Thu Nov 30 08:07:20 +0000 2017,64342,64343,"@130764 Hey Alex! We hear you 🎧 Thanks for taking the time to reach out – your feedback will be passed on to the right folks. For anything else, feel free to send a tweet our way /LS",Thu Nov 30 08:26:05 +0000 2017
64345,130765,@SpotifyCares hey ! Since 1 hour i can't connect myself anymore with Facebook. https://t.co/afbvhnyfT8,Thu Nov 30 08:19:50 +0000 2017,64344,64345,"@130765 Hey Julien, help's here. Can you send us a DM with your account's email address or username? We'll take a look under the hood /AY https://t.co/ldFdZRiNAt",Thu Nov 30 08:24:44 +0000 2017
64348,130766,@SpotifyCares can you fix my account please it's not letting me log in through Facebook,Thu Nov 30 08:22:03 +0000 2017,64346,64348,"@130766 Hey, we're here to help! Can you DM us your account's email address? We'll take a look backstage /KM https://t.co/ldFdZRiNAt",Thu Nov 30 08:23:49 +0000 2017
64347,130766,@SpotifyCares Just did !,Thu Nov 30 08:26:17 +0000 2017,64349,64347,@130766 We've just replied to your DM. Let's carry on chatting there /KM,Thu Nov 30 09:16:31 +0000 2017
64351,130767,"@SpotifyCares  Hi, I pay for preiumn, but can't access it, it tells me I am on Free, have tried sorting problem with web site but no luck, problem started when I git a new phone in August. Any ideas before I cancel my account. Thank you",Thu Nov 30 08:16:47 +0000 2017,64350,64351,@130767 Hey Simon! That doesn't sound right. Can you DM us your account's email address or username? We'll take a look backstage /KM https://t.co/ldFdZRiNAt,Thu Nov 30 08:23:13 +0000 2017
64353,130768,@130769 @SpotifyCares @3493 I'm tryin sis I still haven't got a email back from them after submitting a request again tho https://t.co/P6Abf62QjZ,Thu Nov 30 07:58:45 +0000 2017,64352,64353,@130768 Hey! We've just sent a DM your way. Let's carry on chatting there /PK,Thu Nov 30 08:21:16 +0000 2017
64359,130770,@SpotifyCares is there something wrong the app? I can’t log in as it says my password is invalid but it’s not?,Thu Nov 30 08:10:10 +0000 2017,64358,64359,"@130770 Hey Hannah, help's here. Can you send us your account's email address or username via DM? We'll take a look under the hood /AY https://t.co/ldFdZRiNAt",Thu Nov 30 08:20:55 +0000 2017
64361,130771,Can @116130 do a special tariff for people who work full time and still can't afford £9.99 a month 🤔,Thu Nov 30 08:08:38 +0000 2017,64360,64361,"@130771 Hey Lauren! Thanks for sharing your thoughts. We'll make sure to pass this on to the team. In the meantime, you can check offers you can sign up for at https://t.co/pvN7083xtv. Let us know if there's anything else we can help with /KM",Thu Nov 30 08:20:47 +0000 2017
64363,130772,@116130 When are you going to get music videos?,Thu Nov 30 08:06:34 +0000 2017,64362,64363,"@130772 Hey there! We don't have any info to share at the moment, but you can support the idea at https://t.co/iujf4VcrMq to help make it happen. Let us know if we can help with anything else /AC",Thu Nov 30 08:19:12 +0000 2017
64365,130773,@115888  what is this 😂 #StrangerThings https://t.co/1qAPa8ijve,Thu Nov 30 08:05:41 +0000 2017,64364,64365,@130773 Hey Abby! The Stranger Things Mode is an easter egg feature that adds some visual effects to your app. Hope this info helps /GK,Thu Nov 30 08:18:23 +0000 2017
64367,130774,@115888 why have you charged me £14.99 on the 18th of November as I upgraded my subscription and @118101 why have you then charged me £9.99 on the 26th of November for a standard premium spotify account. @118101 SORT OUT A REFUND ASAP!!!!,Thu Nov 30 07:41:49 +0000 2017,64366,64367,@130774 Hey Imran. Can you send us a DM with your account's email address or username? We'll take a look behind the scenes /AY https://t.co/ldFdZRiNAt,Thu Nov 30 08:16:44 +0000 2017
64370,130775,"@SpotifyCares @SpotifyCares Hi there! I mean this whole screen. It always opens by default and promotes these big name artists I absolutely never listen to, as you know from my listening habits. https://t.co/e8sWcYCywg",Thu Nov 30 07:48:47 +0000 2017,64368,64370,"@130775 Thanks. Currently, the Overview page shows playlists from artists based on your account's country settings. We appreciate your feedback, and we'll make sure it's passed on to the right folks. In the meantime, let us know if we can help with anything else /MU",Thu Nov 30 08:16:21 +0000 2017
64369,130775,@SpotifyCares Thank you very much.,Thu Nov 30 08:52:13 +0000 2017,64371,64369,@130775 No worries. Feel free to send a tweet our way if you ever need any help with anything. We'll be... https://t.co/AiEGsVLjXp /MU,Thu Nov 30 09:08:28 +0000 2017
64373,130775,"Hey @115888 @SpotifyCares, I would love to be able to hide the “Browse” page, so I see just my music when I open Spotify, not ads for shitty bands I hate and “funny” texts. I’ll gladly pay double.",Thu Nov 30 07:28:26 +0000 2017,64372,64373,"@130775 Hi Harri! Help's here. Can you let us know your device, operating system, and app version? It'd be great if you could also send a screenshot of what you're seeing from your end. We'll see what we can suggest /MU",Thu Nov 30 07:41:42 +0000 2017
64376,130776,when will Yoon Ddan Ddan &amp; Eunha (GFRIEND) - You Look Nice today song available?? @115888 @SpotifyCares #Thepackageost,Thu Nov 30 07:53:26 +0000 2017,64375,64376,"@130776 Hey there! Fingers crossed we'll be able to have it soon, but there's info about Spotify content here: https://t.co/1dgftcFtzc. Feel free to send us a tweet if you need anything else 😉 /LS",Thu Nov 30 08:15:49 +0000 2017
64379,130777,@SpotifyCares I am the owner of a family Spotify account.  There are four of us who live in the same house. Only two can activate....,Thu Nov 30 07:41:20 +0000 2017,64378,64379,@130777 That doesn't sound cool. Could you DM all your accounts' email addresses? We'll check backstage /GK https://t.co/ldFdZRiNAt,Thu Nov 30 08:14:34 +0000 2017
64381,130777,@115888 how do you not have a customer service number 😡,Wed Nov 29 18:02:50 +0000 2017,64380,64381,"@130777 Hey Mary Ann! We don't have any specific info to share on this, but we can help out here on Twitter. Can you let us know what's happening exactly? /NG",Wed Nov 29 18:54:59 +0000 2017
64384,130778,@SpotifyCares where can i see my info about my address?,Thu Nov 30 08:08:26 +0000 2017,64382,64384,@130778 Thanks for the info. Can you fire over your accounts' email addresses or usernames via DM? We'll take a look backstage /AY https://t.co/ldFdZRiNAt,Thu Nov 30 08:14:26 +0000 2017
64386,130779,@SpotifyCares hellow I need some help with this i cant connect with the facebook app https://t.co/gzAygdZrEV,Thu Nov 30 07:57:02 +0000 2017,64385,64386,"@130779 Hey, help's here! Can you DM us your account's email address? We'll take a look backstage /KM https://t.co/ldFdZRiNAt",Thu Nov 30 08:13:05 +0000 2017
64390,130780,@115888 I used my sim btw,Thu Nov 30 07:56:18 +0000 2017,64387,64390,@130780 Hey! We've just sent you a DM. Let's carry on chatting there /JO,Thu Nov 30 08:12:10 +0000 2017
64389,130781,"@SpotifyCares @130780 Hi sir, i have the same inquiry. My consumption will last this December. Thank you.",Fri Dec 01 07:35:01 +0000 2017,64391,64389,"@130781 Hi there! We'd love to help out. Can you DM us your account's username or email address, along with more details on what's happening? We'll check things backstage /MU https://t.co/ldFdZRiNAt",Fri Dec 01 07:45:49 +0000 2017
64395,130782,@SpotifyCares What about my downloaded albums?,Thu Nov 30 07:59:32 +0000 2017,64393,64395,@130782 Your downloaded tunes are safe. You'll just have to resync them after you reinstall the app. Keep us posted /PL,Thu Nov 30 08:02:54 +0000 2017
64394,130782,@SpotifyCares So 20 minutes after reinstallation data is synced but all my artists now say '0 songs'.,Thu Nov 30 08:34:37 +0000 2017,64396,64394,@130782 That's weird! Can you send your account's username or email address? We'll take a look backstage /PL https://t.co/ldFdZRiNAt,Thu Nov 30 09:03:46 +0000 2017
64398,130782,@SpotifyCares I'm having issues syncing my devices. It's often taking hours before changes are synced across from my desktop app to iOS.,Thu Nov 30 07:49:20 +0000 2017,64397,64398,"@130782 Hey Mark, help's here! Can you try reinstalling the app on both devices? Just follow the steps here: https://t.co/vNY2SFD0tR. Let us know how it goes /PL",Thu Nov 30 07:58:16 +0000 2017
44340,131000,@115888 what if im using an international credit card to pay for my subscription,Thu Nov 23 04:22:35 +0000 2017,65535,44340,@131000 Hey Samantha! You should be able to subscribe to Premium using your card as long as it meets the following requirements: https://t.co/4TQhJnhAgV. Hope that clears things up /CE,Thu Nov 23 05:15:51 +0000 2017
65541,131002,@SpotifyCares Most of the time it's after an update sometimes it just happens randomly.,Thu Nov 23 04:39:13 +0000 2017,65539,65541,@131002 Sorry to hear that! Check out the steps under “Downloads unexpectedly removed” at https://t.co/38J7tFlIBF. They should help with this /CH,Thu Nov 23 04:49:18 +0000 2017
65543,131002,@SpotifyCares Saved playlists,Thu Nov 23 04:29:59 +0000 2017,65542,65543,@131002 Hmm. Can you tell us when this started happening? Was it after an app update? /CH,Thu Nov 23 04:35:46 +0000 2017
65545,131002,@115888 why do you make me redownload all my playlists constantly? I don't pay for this frustration,Thu Nov 23 02:57:06 +0000 2017,65544,65545,"@131002 Hey there! Help's arrived. Can you tell us if this happens with the songs saved under Your Library, or on all of your tracks saved playlists? /CH",Thu Nov 23 04:22:36 +0000 2017
65991,131097,@SpotifyCares @131098 can you explain why almost all Sinterklaas children's songs on your platform contain racist and/or degrading lyrics? How do I easily find non-offensive songs?,Thu Nov 30 08:34:54 +0000 2017,65988,65991,"@131097 Hi, help's here! Were you referring to the Behind the Lyrics feature? Can you also send us the Spotify URI of the songs? Just right-click the track &gt; Share &gt; URI. We'll check them out /DN",Thu Nov 30 08:57:09 +0000 2017
65989,131097,@SpotifyCares What does right-click mean on a phone?,Thu Nov 30 09:04:16 +0000 2017,65992,65989,"@131097 Thanks for reporting, and sorry for the confusion. You can get the URI of the song via the desktop app. Can you send us the song link instead? Just tap the three dots &gt; Share &gt; Copy Link. We'll take a closer look /DN",Thu Nov 30 09:43:03 +0000 2017
65994,131099,@SpotifyCares What do you mean by “DM”?,Thu Nov 30 08:03:43 +0000 2017,65993,65994,"@131099 Thanks! A DM (or ""direct message"") is where you can send a private message. Also, we'd suggest you delete your other tweet as it contains your private information. Can you send us a DM instead? Keep us posted /MS https://t.co/ldFdZRiNAt",Thu Nov 30 08:55:14 +0000 2017
65998,131099,@SpotifyCares I received an email from __email__ asking me to subscribe to Spotify and without thinking I added two of my credit card details to the link in the email instead of doing it directly on your website. Please verify it is legitimate.,Thu Nov 30 07:12:18 +0000 2017,65996,65998,"@131099 Hey Jorge! Can you DM us your account's username or email address? Also, a screenshot of the email you've received would be super handy. Just make sure to mask your private information if there's any. We'd like to take a closer look /MS https://t.co/ldFdZRiNAt",Thu Nov 30 07:28:25 +0000 2017
66000,131100,"@117153 Hi, I am trying to join Premium for Family, received an invitation code from my husband, but I keep getting error code 600 after filling out all my information.",Thu Nov 30 08:35:42 +0000 2017,65999,66000,@131100 Hey Suzanne! Could you DM us your account's username or email address? We'll check backstage /RE https://t.co/ldFdZRiNAt,Thu Nov 30 08:47:38 +0000 2017
66003,131101,"@SpotifyCares Another glib reply to a basic feature request that's been out there for years.  In the mean time my kids can hear the f, c and n words blaring out on the sonos.  If apple music can do it so can you.  In fact f it, I'm leaving spotify for Apple.",Thu Nov 30 07:26:27 +0000 2017,66001,66003,"@131101 Sorry to hear you feel that way. We can guarantee you that your thoughts won't fall on deaf ears. If anything else comes up, let us know. We're here for you /AC",Thu Nov 30 08:45:31 +0000 2017
66002,131101,@SpotifyCares But it has so far,Thu Nov 30 08:56:18 +0000 2017,66004,66002,"@131101 Not to worry, we'll make sure to let the right team know about this. Thanks for taking the time to reach out – your feedback's been noted 📝 /AC",Thu Nov 30 09:01:52 +0000 2017
66009,131101,"@SpotifyCares I'd rather you just said ""we have no intention of doing this"" than the glib ""Yeh we'll look at it"" comments you have been spouting for a year or more",Wed Nov 29 16:53:20 +0000 2017,66007,66009,"@131101 We appreciate your feedback. As soon as we have updates to share, we'll make sure to keep everybody posted. If there's anything else we can help with, just let us know /NG",Wed Nov 29 17:16:19 +0000 2017
66013,131101,@SpotifyCares Any news???!,Fri Nov 24 22:11:41 +0000 2017,66010,66013,"@131101 Hi Max! We don't have any news on the Explicit Filter yet, but keep an eye on this post for updates: https://t.co/CdI1SY9KZE 👍 /RR",Fri Nov 24 22:58:20 +0000 2017
66015,131101,"@SpotifyCares but it's been requested for years now, what's the point?",Sat Feb 11 13:20:49 +0000 2017,66014,66015,@131101 Our Devs team will check your votes and keep you updated on any news in the link we sent. Tweet us if you need more help /EA,Sat Feb 11 13:26:31 +0000 2017
66017,131101,"@SpotifyCares apparently, you care, so how about it?",Fri Feb 10 18:40:17 +0000 2017,66016,66017,@131101 Hi Max! You can help make it happen in the very near future by voting for a similar idea here: https://t.co/CdI1SY9KZE :) /UF,Fri Feb 10 18:49:21 +0000 2017
66020,131102,"@SpotifyCares Hi I was wondering, are there still gift cards sold at Australian stores? I can't find them anywhere anymore.",Thu Nov 30 08:33:18 +0000 2017,66019,66020,@131102 Hi Courtney! We've just sent you a bit more info over DM. We'll carry on helping out there /LS,Thu Nov 30 08:45:08 +0000 2017
66022,131103,@SpotifyCares I hear you'll launch in Romania soon ? Did i hear right or no ?,Thu Nov 30 08:20:01 +0000 2017,66021,66022,"@131103 Hey there! We don't have any updates on this yet. Don't worry, we'll let the right team know this is something you'd like to see. Let us know if you have other questions /GK",Thu Nov 30 08:44:13 +0000 2017
66024,131104,@SpotifyCares did you get my tweet re billing?,Thu Nov 30 08:34:28 +0000 2017,66023,66024,@131104 Hey there! We're afraid we haven't received any. Do you mind sending it again through DM with your account's username or email address? We'll get to you right away /MS https://t.co/ldFdZRiNAt,Thu Nov 30 08:43:22 +0000 2017
66027,131105,@115888 make my Spotify name Yung Calo pleaseeeeee!!!💔,Thu Nov 30 08:27:00 +0000 2017,66025,66027,@131105 Hey there! Could you DM us your account's username or email address? We'll take a look backstage /JO https://t.co/ldFdZRiNAt,Thu Nov 30 08:40:32 +0000 2017
66029,131106,@118266 saya mendapat promo 3 bulan cuma Rp 4990 itu benar ga? Trs kl udh 3 bulan selesai bayarnya kembali ke awal?,Thu Nov 30 08:14:08 +0000 2017,66028,66029,"@131106 Hey there! We can help out in English via Twitter, but we also have Indonesian support via email at https://t.co/ZgU70TbP8M /GK",Thu Nov 30 08:39:49 +0000 2017
66032,131107,"@117153 Any known issues at the moment with the facebook interface? Can't seem log into the app via facebook at the moment, oh and: this is on the screen in chrome: https://t.co/5RcjmmhnXG",Thu Nov 30 08:24:11 +0000 2017,66030,66032,"@131107 Hi there! That's odd. Can you DM us your account's username or email address, along with a screenshot of the error message you're getting on the app? We'll check things backstage /MU https://t.co/ldFdZRiNAt",Thu Nov 30 08:33:01 +0000 2017
66031,131107,"@SpotifyCares Thanks for getting back to me, it seems to have sorted itself out, for now. Will get back to you if the issue pops up again!",Fri Dec 01 03:57:55 +0000 2017,66033,66031,@131107 Great! We're glad to hear that things are doing okay right now. Just let us know if we can help with anything else. https://t.co/m4HWSbgHVZ 🙂 /LO,Fri Dec 01 05:30:28 +0000 2017
67652,131447,Nakakaloko yung spotify ayaw tumanggap ng paymet sa globe,Thu Nov 30 09:06:51 +0000 2017,67651,67652,@131447 Hi Keana! We've just sent you a bit more info over DM. We'll carry on helping out there /MA,Thu Nov 30 09:24:51 +0000 2017
67659,131449,"It’s December tomorrow, do we get our year end Spotify info soon?? @SpotifyCares",Thu Nov 30 08:32:00 +0000 2017,67657,67659,"@131449 Hey David, thanks for reaching out! We don't have any info to share right now. You can still check up on your listening habits here: https://t.co/LjdRPrBEmF 🙂 /JN",Thu Nov 30 09:24:07 +0000 2017
67658,131449,"@SpotifyCares Thanks, I didn't know this was a thing!",Thu Nov 30 09:24:55 +0000 2017,67660,67658,"@131449 Sure thing! If you need us again, you know where to find us. Enjoy your music 🎧 /JN",Thu Nov 30 09:32:02 +0000 2017
67663,131450,@SpotifyCares I've been seeing a blank discovery tab on all the devices I've tried this morning. Gone for three hours now.,Thu Nov 30 08:52:24 +0000 2017,67662,67663,"@131450 Hi James! Help's here. Can you DM us your account's username or email address, along with a screenshot of what you're seeing from your end? We'll check things backstage /MU https://t.co/ldFdZRiNAt",Thu Nov 30 09:23:30 +0000 2017
67665,119768,"@SpotifyCares I cancelled my subscription as it wouldn’t work , when I emailed for help you replied in Spanish i am in UK.... you are still taking my money without permission !! #nothappy",Thu Nov 30 08:48:23 +0000 2017,67664,67665,"@119768 Hey Rachel, that doesn't sound good. Can you DM us your account's email address? We'll take a look backstage /JN https://t.co/ldFdZRiNAt",Thu Nov 30 09:21:14 +0000 2017
67667,131451,"@SpotifyCares I think my account has been hacked, someone keeps playing music using Spotiamb 0.2.1 as a device - what do I do to resolve?",Thu Nov 30 08:41:26 +0000 2017,67666,67667,"@131451 Hey, we’re sorry to hear that. Check out https://t.co/iVpg60w61i for what to do next /JN",Thu Nov 30 09:20:48 +0000 2017
67669,131452,Help me fam. I already paid for premium acct. For @115888 but its still in free trial?,Thu Nov 30 08:44:04 +0000 2017,67668,67669,"@131452 Hey, help's here! Can you DM us your account's email address? We'll check backstage /GK https://t.co/ldFdZRiNAt",Thu Nov 30 09:12:36 +0000 2017
67671,131453,"@115888 hiya, I've been charged for the full £9.99 when I usually get charged as a student and this month it has gone up? can you help me?",Thu Nov 30 08:41:17 +0000 2017,67670,67671,"@131453 Hey Bethany, help's here! Can you DM us your account's username or email address? We'll take a look under the hood /RS https://t.co/ldFdZRiNAt",Thu Nov 30 09:07:24 +0000 2017
67673,131454,@SpotifyCares Seems to have done the trick. Thanks for the quick replies.,Thu Nov 30 08:59:23 +0000 2017,67672,67673,@131454 Great! Glad to hear it's now working. Just let us know if we can help with anything else. https://t.co/m4HWSbgHVZ /PL,Thu Nov 30 09:05:08 +0000 2017
67675,131454,@SpotifyCares Tried this. Couldn't find the com.Spotify file anywhere on my phone. Reinstalled  and now it just won't open at all. https://t.co/U2KYQuBoeg,Thu Nov 30 07:00:09 +0000 2017,67674,67675,@131454 Hmm. Does restarting your device help at all? Can you try clearing your cache? Keep us posted /PL,Thu Nov 30 07:12:15 +0000 2017
67677,131454,"@SpotifyCares Samsung S6
Android 7.0
Spotify version 8.4.28.875",Wed Nov 29 19:01:41 +0000 2017,67676,67677,@131454 Thanks for the info. Can you try the steps here for us: https://t.co/PDA2aKzC6Q? They should help with this. Let us know how it goes /JI,Wed Nov 29 19:33:07 +0000 2017
67679,131454,"@SpotifyCares Tracks constantly skipping, jumping. Doesn't matter whether I'm on 4G, WiFi, whether tracks are downloaded or streamed. About a month now.",Wed Nov 29 13:05:55 +0000 2017,67678,67679,"@131454 That doesn't sound right. Could you let us know what device, operating system, and version of Spotify you're using? /JT",Wed Nov 29 13:31:01 +0000 2017
67681,131454,"Hi @115888, 
I was just wondering why your service has turned into absolute dogshit in the last month?",Wed Nov 29 09:05:43 +0000 2017,67680,67681,@131454 Hey there! That doesn't sound cool. Could you tell us more about what's happening? We'll do our best to help out /JT,Wed Nov 29 09:48:15 +0000 2017
67683,131455,@SpotifyCares I sent you guys a dm.  I seriously need cflarification in here,Thu Nov 30 08:34:41 +0000 2017,67682,67683,"@131455 Hi, help's arrived! We've just sent you a bit more info over DM. We'll carry on helping out there /LS",Thu Nov 30 09:00:54 +0000 2017
67728,131456,"why cant I invite my family to my spotify family? everytime they accept my invitation and try to put their details ""ooops something went wrong"" always pops out when confirming. can you make it more specific? why make invitations so complicated now??? @SpotifyCares.",Thu Nov 30 08:42:41 +0000 2017,67727,67728,@131456 Hey there! That doesn't sound cool. Could you DM all your accounts' email addresses? We'll check backstage /GK https://t.co/ldFdZRiNAt,Thu Nov 30 09:00:41 +0000 2017
67730,131457,my apple music is expiring on the day when em is releasing his album. i hope spotify releases the album as fast as apple music. pls. @SpotifyCares,Thu Nov 30 08:34:20 +0000 2017,67729,67730,@131457 We’ll have it available to you as soon as it’s available to us! https://t.co/1dgftcFtzc /PL,Thu Nov 30 09:00:09 +0000 2017
70681,131854,"@SpotifyCares I know, I'm a long time user... And it's breaking more every day. Please start supporting it, that's what I'm asking. Or just release an update now and then.",Thu Nov 30 09:48:00 +0000 2017,70679,70681,"@131854 We hear you loud and clear! We can’t make any promises, but we’ll pass your feedback on to the right folks 🙂 /MA",Thu Nov 30 09:54:49 +0000 2017
70680,131854,"@SpotifyCares Well, thanks. Guess that's the best I can expect. Have a good day!",Thu Nov 30 09:59:41 +0000 2017,70682,70680,"@131854 https://t.co/qAh6tkevrD! Give us a shout if you need us again, and we'll come running 🏃 /MA",Thu Nov 30 10:11:28 +0000 2017
70684,131854,"@SpotifyCares I'll gladly translate it: @115888, please start developing for Linux again...",Thu Nov 30 09:42:38 +0000 2017,70683,70684,"@131854 We don't offer official support for the version of the app for Linux, but here's how to install it: https://t.co/eXsWnXSQiQ /MA",Thu Nov 30 09:46:08 +0000 2017
70686,131854,@115888 Snälla börja utveckla för linux igen...,Thu Nov 30 08:55:47 +0000 2017,70685,70686,"@131854 Hey Ludvig! We can help out in English via Twitter, but we also have Swedish support via email at https://t.co/ZgU70TbP8M /MA",Thu Nov 30 09:32:05 +0000 2017
70688,131855,"@115888 Hi Spotify. I wld like to subscribe for the premium offer as im currently carrying FREE status for the subscription. I've tried to purchase through debit card and fill in the form accordingly. However, it keeps on showing failure/ error. How can I fix this?",Thu Nov 30 09:05:30 +0000 2017,70687,70688,"@131855 Hey, help's here. Can you fire over your account's email address or username via DM? We'll take a look under the hood /AY https://t.co/ldFdZRiNAt",Thu Nov 30 09:52:38 +0000 2017
70694,131856,"@SpotifyCares hello - iphone7, ios 11.0.3, spotify 8.4.28.1104, 

it is exactly the same issue raised on your help desk by someone else here - https://t.co/fpjMnrEIMN",Thu Nov 30 09:03:34 +0000 2017,70692,70694,@131856 We understand. Are you getting any error messages when it happens? Does logging out &gt; restarting the device &gt; logging back in help? /PL,Thu Nov 30 09:51:58 +0000 2017
70696,131856,"Why the heck does my @115888 now play me 20 seconds of a song I choose and then randomly put me on a random, shitty playlist? https://t.co/gOQ9r7fLfQ",Thu Nov 23 15:10:15 +0000 2017,70695,70696,"@131856 Hi Richard, help's here! Can you let us know your phone's model, as well as its iOS and Spotify versions? We'll see what we can suggest /DV",Thu Nov 23 16:59:08 +0000 2017
70700,131857,"@125633 @115888 @SpotifyCares allow us to purchase a download to the music in your catalogue. This will help you ""make a profit""",Thu Nov 30 03:41:23 +0000 2017,70698,70700,"@131857 Hi there! Thanks for the feedback. We'll make sure it's passed on to the right folks. In the meantime, let us know if we can help with anything else /MU",Thu Nov 30 09:50:16 +0000 2017
70699,131857,@SpotifyCares Thanks! Also adding some kind of store for merch so y'all can make a cut? Idk,Thu Nov 30 14:54:38 +0000 2017,70701,70699,"@131857 No worries! About merch, our friends in Artist Support are the right folks to help with this. You can get in touch with them here: https://t.co/41wf7ozbVm. Hope this helps /MU",Thu Nov 30 15:08:37 +0000 2017
70704,131858,So I cannot listen to #Spotify unless I install the app on my computer .. or what?,Thu Nov 30 03:35:07 +0000 2017,70702,70704,"@131858 Hey Deborah, head to https://t.co/ff6sKjNd4w using Google Chrome. You should be able to listen to your tunes that way! Let us know if you need help 🙂 /J",Thu Nov 30 09:45:42 +0000 2017
70703,131858,"@SpotifyCares Yes, it works, thank you!",Thu Nov 30 12:28:24 +0000 2017,70705,70703,"@131858 Awesome, that's great to hear! Enjoy your tunes, and if you ever need us - just shout https://t.co/AUc7DGJpgF 🎶 /J",Thu Nov 30 12:43:23 +0000 2017
70707,131859,@SpotifyCares i have only Chrome... others are not allowed at office T_T,Thu Nov 30 07:13:46 +0000 2017,70706,70707,"@131859 We understand. Could you try if the same thing still happens even when using a different account? You can log in to our test account by entering the username ""css_test_1"" and password ""gU4edr6daKuT"". Keep us posted /DN",Thu Nov 30 09:42:50 +0000 2017
70711,131859,what the fuq with your web player ? @121907 @115888 #spotifyth it keeps getting crashed all the freaking time !,Thu Nov 30 03:54:48 +0000 2017,70709,70711,"@131859 Hey, that's not cool! When did this start to happen? Can you also let us know the internet browser you're using? /LO",Thu Nov 30 04:27:57 +0000 2017
70713,131860,@125633 Hello - I recently deleted my personal Facebook page (which is how I used to log in). How do I update my new password?,Wed Nov 29 21:53:51 +0000 2017,70712,70713,"@131860 Hey Kevin! For this issue, you'll need to reach the team directly here: https://t.co/41wf7ozbVm /I",Thu Nov 30 09:38:02 +0000 2017
70715,131861,My @115888 won’t work while I’m using other apps what’s that about?,Thu Nov 30 08:59:38 +0000 2017,70714,70715,"@131861 Hey, help's here! Can you let us know what's happening exactly? Also, are you getting any specific error messages? We'll see what we can suggest /KM",Thu Nov 30 09:33:18 +0000 2017
70717,131862,@115888 WHY WONT YOU LET ME LOG INTO THE APP. I HAVE WIFI. WORST WALK OF MY LIFE 😭😭😭 P.S. WHY WAS I LOGGED OUT IN THE FIRST PLACE????!!!!,Thu Nov 30 08:55:52 +0000 2017,70716,70717,@131862 Hey Amy! We're here to help. Can you DM us your account's email address or username? We'll see what we can suggest /KM https://t.co/ldFdZRiNAt,Thu Nov 30 09:32:24 +0000 2017
72079,132182,@SpotifyCares been getting this error for the last couple hours and cannot login without my Facebook account. Any help? https://t.co/1RBMlgUzVq,Thu Nov 30 09:13:30 +0000 2017,72078,72079,"@132182 Hey Robby, help's here. Can you send us your account's email address or username via DM? We'll take a look under the hood /AY https://t.co/ldFdZRiNAt",Thu Nov 30 10:27:35 +0000 2017
72082,132183,"@SpotifyCares music stream stops playing (on mac) says that another device is playing.. would like to know which one… (I have sonos, ipad, iphone etc etc) so I can disconnect the other source",Thu Nov 30 10:10:45 +0000 2017,72080,72082,@132183 Hmm. Could you send us your account's email address or username via DM? We'll take a look under the hood /AY https://t.co/ldFdZRiNAt,Thu Nov 30 10:25:09 +0000 2017
72084,132183,hi @115888 is there a way I can see which device is playing from my spotify account ?,Thu Nov 30 09:47:25 +0000 2017,72083,72084,"@132183 Hey! Can you tell us what exactly is happening? Also, what device, operating system, and Spotify version are you currently on? We'll see what we can suggest /AY",Thu Nov 30 10:09:38 +0000 2017
72087,132184,@115888 You are so ungrateful and pathetic,Thu Nov 30 09:08:59 +0000 2017,72085,72087,"@132184 Sorry to hear that you feel that way. We'd love to help out. Can you DM us your account's username or email address, along with more details on what's happening? /MU https://t.co/ldFdZRiNAt",Thu Nov 30 10:20:08 +0000 2017
72086,132184,@SpotifyCares I wanted you to know that I don’t pay for music.,Thu Nov 30 11:21:12 +0000 2017,72088,72086,@132184 No worries. You could still enjoy Spotify while on our Free service. More info here: https://t.co/DDxx570cXi. Hope this helps /MU,Thu Nov 30 12:04:17 +0000 2017
72089,132184,"@SpotifyCares Literally you overslept, the world is your playground. Spotlight on your music. I cant find the most music on Spotify. It Only got mainstream music Which i hate, because they are money hungry untalanted people. You are the most powerful app yet you don’t have much music.",Thu Nov 30 13:08:34 +0000 2017,72090,72089,"@132184 We hear you. We'd love to have everything available for everyone, but we've got info about content here: https://t.co/1dgftcFtzc. Hope this clears things up /MU",Thu Nov 30 13:16:52 +0000 2017
73727,132492,"@SpotifyCares trying to add a family member to my subscription, but after logging in &amp; entering correct address details, I get the ""oops try again"" error. Tried multiple invites &amp; browsers",Thu Nov 30 09:23:39 +0000 2017,73726,73727,"@132492 Hey, help's here. Can you send us your accounts' email addresses or usernames via DM? We'll take a look behind the scenes /AY https://t.co/ldFdZRiNAt",Thu Nov 30 10:53:36 +0000 2017
73730,132493,"@SpotifyCares I think there's something wrong with Discover feature. Only my Discover Weekly shows, and some random ""Throwback Thursday"" playlists. None of the usual stuff...",Thu Nov 30 09:26:47 +0000 2017,73728,73730,"@132493 Hey Nick! Can you let us know what device, operating system, and Spotify version you're using? We'll see what we can suggest /MS",Thu Nov 30 10:48:43 +0000 2017
73729,132493,@SpotifyCares Only just saw this reply. It was both on my phone (android nexus 5x) and laptop (macbook pro). Tried multiple networks too. But it seems to have resolved itself now. Thanks anyway!,Thu Nov 30 18:52:42 +0000 2017,73731,73729,@132493 That's great to hear! Let us know if there's anything else we can help you with. Have a... https://t.co/fOHcTvQJC3 💚 /JP,Thu Nov 30 19:24:15 +0000 2017
73733,132494,Why is there only one @4219 album on Spotify in the UK?! 🤨😒🤔 @115888,Thu Nov 30 09:25:30 +0000 2017,73732,73733,"@132494 Hey there! We’d love to have all of their stuff available, but we have some info about content here: https://t.co/1dgftcFtzc /RS",Thu Nov 30 10:47:18 +0000 2017
73737,132495,@SpotifyCares I'm using Samsung J5 year 2015 and 8.4.28.875 armV7 for the Spotify version. Thank you ;),Thu Nov 30 09:10:42 +0000 2017,73734,73737,"@132495 Thanks for those details. Could you go to Your Library &gt; Settings &gt; Behind the Lyrics to see if it's enabled? Then, try logging out and back in again. Any difference? /MA",Thu Nov 30 10:46:20 +0000 2017
73738,132495,"@SpotifyCares I use 4G, never using Spotify over WiFi. I haven't tried on other Android devices. btw, I have updated the new version but still the same.",Fri Dec 01 04:38:48 +0000 2017,73739,73738,@132495 Could you send us a DM with your account's email address? We'll take a look backstage /MA https://t.co/ldFdZRiNAt,Fri Dec 01 05:08:09 +0000 2017
73741,132495,"@SpotifyCares uhm i don't think so, this is my 2nd time purchasing premium in Android device. The first time there was Behind Lyrics 🤔🤔",Tue Nov 28 02:44:23 +0000 2017,73740,73741,@132495 Got it. Can you let us know what Android and Spotify versions you're running? We'll see what we can suggest /AN,Tue Nov 28 05:28:43 +0000 2017
73743,132495,"@SpotifyCares pls help me, I just purchased premium, but the Behind Lyrics doesn't appear when I play one of the songs. I thought its because the device I have, Android. Bcs I logged in into iPhone, the Behind Lyrics appear. Thanks.",Mon Nov 27 07:37:13 +0000 2017,73742,73743,"@132495 Hey, sorry for the confusion! We're afraid Behind the Lyrics is only available for iPhone 5 or above at this time. If you need anything else, give us a shout /TR",Mon Nov 27 17:07:39 +0000 2017
73745,132496,@SpotifyCares I was charged full price even tho I still have a student account. Help?,Thu Nov 30 09:22:26 +0000 2017,73744,73745,@132496 Hey Jasmine! Can you DM us your account's email address or username? We'll take a look backstage /KM https://t.co/ldFdZRiNAt,Thu Nov 30 10:39:37 +0000 2017
73747,132497,@115888 App pro Apple Watch?,Thu Nov 30 09:21:22 +0000 2017,73746,73747,@132497 Hey Mira! Check out the official idea and add your vote to let our devs know it's something you'd like to see: https://t.co/BysL5LFq6X /KM,Thu Nov 30 10:39:02 +0000 2017
73750,132498,"@SpotifyCares @SpotifyCares ah, I guess it’s because I’ve revived n old account and had deleted the main one I had been using for years? Which reminds me, I had lots of playlists on the old account (leonclowes) - is there any way of retrieving these please? Thanks",Thu Nov 30 09:36:58 +0000 2017,73749,73750,"@132498 Hey there! Unfortunately we're unable to recover your previous Discover Weekly. Be sure to save your favorites, so you don't miss out in the future /PL",Thu Nov 30 10:35:14 +0000 2017
73753,132499,@115888 what’s going on 😩I can’t get on my spotify https://t.co/Oe74ml27yO,Thu Nov 30 09:17:47 +0000 2017,73752,73753,@132499 Hey there! Could you send us a DM with your account's email address? We'll take a look backstage /MA https://t.co/ldFdZRiNAt,Thu Nov 30 10:33:32 +0000 2017
74905,132762,@115888 offline download limit. WHAAT. WHAAT. WHAAAAAT.,Thu Nov 30 09:39:47 +0000 2017,74903,74905,"@132762 Hey there! Right now, there's a download limit of 3,333 tracks on 3 separate devices. We have more info here: https://t.co/WpO5bMgnzC. Let us know if you have any other questions /DN",Thu Nov 30 11:25:29 +0000 2017
74904,132762,"@SpotifyCares But 3,333 songs is practically a third of my library and I want to download my whole library on my phone😭😭",Thu Nov 30 11:27:09 +0000 2017,74906,74904,"@132762 We hear you 🎧 Thanks for taking the time to reach out – your feedback will be passed on to the right folks. For anything else, feel free to send a tweet our way /DN",Thu Nov 30 11:38:16 +0000 2017
74908,132763,@115888 Min musik stannar rätt ofta för att nån annan lyssnar på mitt konto. ”Spotiamb 0.2” nånting. Googlade och fler hade samma problem.,Thu Nov 30 09:34:05 +0000 2017,74907,74908,"@132763 Hey Dennis! We can help out in English via Twitter, but we also have Swedish support via email at https://t.co/ZgU70TbP8M /MS",Thu Nov 30 11:05:49 +0000 2017
74910,132764,Hai @118266 kenapa album 'Jalan Terus' dari @4375 tidak ada ya? Dari 'Pejantan Tangguh' langsung ke '507' https://t.co/lgqkDRWnoq,Thu Nov 30 09:30:01 +0000 2017,74909,74910,"@132764 Hey Aulia! We can help out in English via Twitter, but we also have Indonesian support via email at https://t.co/ZgU70TbP8M /PK",Thu Nov 30 11:00:17 +0000 2017
76239,133055,Yet again @115888 was happily playing on a device at home NOT anywhere near me in the office *sigh*,Thu Nov 30 09:58:38 +0000 2017,76237,76239,"@133055 Hey Michele, help's here! Could you DM us your account's username or email address? We'll see what we can suggest /RE https://t.co/ldFdZRiNAt",Thu Nov 30 11:55:48 +0000 2017
76238,133055,@SpotifyCares Oh I know how to fix it - I just keep forgetting to switch the bloody device,Thu Nov 30 13:13:32 +0000 2017,76240,76238,"@133055 Good to know you got everything under control! If you have any other questions, just let us know and we'll come running 🏃 /RE",Thu Nov 30 13:21:23 +0000 2017
76242,133056,@115888 @SpotifyCares I think my account has been hacked. Can you help. I've never used Firefox before and this kept popping up while I was listening on the go. Plus for a sketchy email https://t.co/z6jfe7q03J,Thu Nov 30 00:24:09 +0000 2017,76241,76242,@133056 We’re sorry to hear that. Check out https://t.co/iVpg60w61i for what to do next /I,Thu Nov 30 11:48:20 +0000 2017
76244,133057,@115888 please help me with my login.,Thu Nov 30 09:44:27 +0000 2017,76243,76244,@133057 Hey there! Can you DM us your account's username or email address? We'll take a look backstage /MS https://t.co/ldFdZRiNAt,Thu Nov 30 11:42:32 +0000 2017
76246,133058,@SpotifyCares @115888 I’m unable to access my premium account please help,Thu Nov 30 09:43:34 +0000 2017,76245,76246,@133058 Hey Rodro! Can you DM us your account's username or email address? We'll take a look backstage /MS https://t.co/ldFdZRiNAt,Thu Nov 30 11:38:00 +0000 2017
76248,133059,"Dear @115888 ,
i have a problem when i want to join in family package, when i submit the form, i got an error like the below image.. so, what can i do? https://t.co/av8SFGwqqP",Thu Nov 30 09:41:40 +0000 2017,76247,76248,@133059 Hi Andi! Can you DM us the usernames or email addresses for your account and the users you're trying to invite? We'll take a look backstage /DN,Thu Nov 30 11:34:49 +0000 2017
76250,133060,@SpotifyCares I just tried renewing my subscription and it charged me twice and hasn’t renewed it 🤔 sos,Thu Nov 30 09:40:48 +0000 2017,76249,76250,@133060 Hey Jac! The cavalry's here. Can you DM us your account's username or email address? We'll take a look under the hood /PK https://t.co/ldFdZRiNAt,Thu Nov 30 11:32:10 +0000 2017
76252,133061,@SpotifyCares https://t.co/XkUnV04egl https://t.co/L1wzKscozh,Wed Nov 29 21:06:54 +0000 2017,76251,76252,"@133061 Whoops that's not quite right. Thanks for flagging this, Nico! We've made the right people aware so they can get this fixed up /J",Thu Nov 30 11:28:24 +0000 2017
76255,133061,@SpotifyCares got an email about upcoming gigs in Dublin I mights like and that's great! Only issue is that click on #Tosca @111068 is taking me to Puccini's Tosca gig @111069,Tue Nov 28 16:46:18 +0000 2017,76253,76255,"@133061 Hey Nico, help's here! Can you send us a screenshot of the email you received, along with the link to the page you're directed to? We'll take a look /CO",Tue Nov 28 18:34:29 +0000 2017
77683,133313,@115888 I’ve been trying to change my payment to my Australian card from my UK and an error message saying Spotify isn’t available here keeps showing. Suggestions?? Followed FAQ help online.,Thu Nov 30 10:37:59 +0000 2017,77682,77683,"@133313 Hey Laura, help's here. Can you send us your account's email address or username via DM? We'll take a look behind the scenes /AY https://t.co/ldFdZRiNAt",Thu Nov 30 12:28:09 +0000 2017
77685,133314,"@SpotifyCares Trying to log into Spotify app via Facebook app on iPhone 6s, but get Facebook message ""Login Error: There is an error logging you into this application. Please try again later.""",Thu Nov 30 10:22:41 +0000 2017,77684,77685,"@133314 Hey Daniel, the cavalry's here! Can you DM us your account's email address? We'll take a look under the hood /LS https://t.co/ldFdZRiNAt",Thu Nov 30 12:26:07 +0000 2017
77688,133315,"@115888 Hey, guys, some intern must have typed the name wrong or something... But the song’s title is actually “Fantastic BABY”, not BOY. 

Xoxo https://t.co/cbnEfCgVz1",Thu Nov 30 10:18:37 +0000 2017,77686,77688,@133315 Hey! The cavalry's here. Can you send us the Song Link? Just tap the three dots &gt; Share &gt; Copy Link. We'll look under the hood /PK,Thu Nov 30 12:25:06 +0000 2017
77687,133315,"@SpotifyCares Sure! It’s https://t.co/6j3tycHC8F

PS.: pay attention because this song is also in other albuns of the same band, so remember to check if the title is correct in all of them! 💕",Thu Nov 30 12:39:25 +0000 2017,77689,77687,@133315 Thanks. We'll get this reported. Great detective work! https://t.co/LpsmyUtme0 /PK,Thu Nov 30 12:47:07 +0000 2017
66005,133316,@131101 @SpotifyCares I feel the same surly they can have the radio edits?  I feel this a really bad thing especially since they have “family sharing” plan.,Thu Nov 30 10:08:56 +0000 2017,77691,66005,@133316 Hey there! Thanks for taking the time to reach out – your feedback's been noted 📝 Where possible we have both versions available. More info here: https://t.co/yTUsAFORdK /RE,Thu Nov 30 12:24:26 +0000 2017
77693,133317,@115888 I think the price of 4.990 thousand turns me right in. It's 49.990 thousand,Thu Nov 30 10:23:16 +0000 2017,77692,77693,@133317 Hey! Can you DM us your account's email address or username? We'll take a look backstage /KM https://t.co/ldFdZRiNAt,Thu Nov 30 12:24:15 +0000 2017
77706,133318,"@115888 )???66.0,0?

ฝ

ช

ฝล",Thu Nov 30 10:10:32 +0000 2017,77705,77706,"@133318 Hey! We can help out in English via Twitter, but we also have Thai support via email at https://t.co/ZgU70TbP8M /AY",Thu Nov 30 12:21:58 +0000 2017
77709,133319,"@115888 help please. Have just set mum up with Spotify Premium Trail, thro email link. Wasn’t asked 4 card dets 4 payment. Can’t find way of adding them in app. Doesn’t want chatge of phone bill. Thnx Lorraine",Thu Nov 30 09:58:27 +0000 2017,77708,77709,"@133319 Hey Lorraine, help's here! Can you DM us your mum's account's email address? We'll check backstage /GK https://t.co/ldFdZRiNAt",Thu Nov 30 12:21:30 +0000 2017
77712,133320,"@SpotifyCares please PLEASE let us block users. I love everything else about Spotify, I pay for your premium, but it’s completely ridiculous to me this basic safety feature has yet to exist. I desperately want to block my ex as I have on every other platform. Prioritize this",Thu Nov 30 09:59:24 +0000 2017,77710,77712,"@133320 Hey Chloe! We're afraid it's not possible at the moment, but you can support the idea at https://t.co/nEsFfW71xG to help make it happen. Let us know if we can help with anything else /AC",Thu Nov 30 12:18:51 +0000 2017
77711,133320,@SpotifyCares Okay but why isn’t it possible yet? I supported it with my vote already. The request by Liam on the community page was written in 2013,Thu Nov 30 12:30:40 +0000 2017,77713,77711,"@133320 We don't have any info to share right now, but rest assured your feedback's been noted. Hopefully we'll have it available soon. Stay tuned /AC",Thu Nov 30 12:36:16 +0000 2017
77715,133321,"@SpotifyCares salve, come posso contattarvi per ricevere assistenza ?",Thu Nov 30 10:04:46 +0000 2017,77714,77715,"@133321 Hey! We can help out in English via Twitter, but we also have Italian support via email at https://t.co/ZgU70TbP8M /DN",Thu Nov 30 12:18:43 +0000 2017
77719,133322,@125633 @SpotifyCares Spotify for Artists will not load on my MacBook (I can log in fine but the page does not load and is just blank). Can log in &amp; use App fine but need to update things on Desktop version of Spotify for Artists. Please help!,Thu Nov 30 12:11:15 +0000 2017,77716,77719,@133322 Hey Alice! That's not cool. Could you DM us the email address linked to your account? We'll take a look backstage /I https://t.co/ldFdZRiNAt,Thu Nov 30 12:18:09 +0000 2017
77718,133322,@SpotifyCares I have solved the problem. Spotify Artists would not work with Safari browser - works fine with Google Chome....,Thu Nov 30 13:54:05 +0000 2017,77720,77718,@133322 Great to hear it! We've just replied to your DM with a little more info. We'll carry on chatting there /K,Thu Nov 30 15:06:35 +0000 2017
77723,133323,"@115888 Or maybe you could just pay artists properly? You know, for the music they make that you profit off? #art #music",Thu Nov 30 09:53:09 +0000 2017,77721,77723,"@133323 Hi Pete! Sorry to hear that you feel that way. For the most up-to-date and accurate info about royalties, we’d recommend reaching out to your label or distributor. Let us know if we can help with anything else /MU",Thu Nov 30 12:09:16 +0000 2017
77722,133323,@SpotifyCares https://t.co/8wxCqCAb9A If that’s true then there is zero chance to make a living out of online streaming!,Thu Nov 30 19:42:40 +0000 2017,77724,77722,"@133323 Sorry to hear you feel that way. We'd still suggest contacting your distributor for more info. Any questions, give us a shout /PB",Thu Nov 30 20:35:29 +0000 2017
77728,131452,My @115888 it's okay now 😍 I can download and stream all the songs of @133324  💜💜💜,Thu Nov 30 11:13:07 +0000 2017,77726,77728,@131452 Nice. Glad to hear it's all good. Just let us know if we can help with anything else. https://t.co/m4HWSbgHVZ /GK,Thu Nov 30 12:08:45 +0000 2017
77731,133325,@SpotifyCares ? https://t.co/6clOTzr1Wf,Thu Nov 30 09:52:08 +0000 2017,77729,77731,"@133325 Hey, we're here to help! Can you DM us your account's email address or username? We'll take a look backstage /KM https://t.co/ldFdZRiNAt",Thu Nov 30 12:05:43 +0000 2017
77734,133326,"@SpotifyCares Hi I want spotify premium student but why isn't there an iDeal or PayPal option? Just like every student, I don't have a creditcard.",Thu Nov 30 09:47:52 +0000 2017,77733,77734,@133326 Hey Rana! Can you DM us your account's username or email address? We'll take a look under the hood /RS https://t.co/ldFdZRiNAt,Thu Nov 30 12:04:14 +0000 2017
77736,133327,@SpotifyCares @116130 why do you guys always add britney spears to the Easy 00s playlist and then remove her?,Thu Nov 30 11:47:30 +0000 2017,77735,77736,@133327 Hi Lucy! Thanks for reporting. Our independent Curation team makes these playlists. We'll be sure to pass this on to them. Give us a shout if you need anything else /DN,Thu Nov 30 11:59:11 +0000 2017
79378,133615,@SpotifyCares Please assist.  I can''t log in on my spotify account using facebook.,Thu Nov 30 11:16:06 +0000 2017,79377,79378,@133615 Hi! We've sent a DM your way. We'll carry on helping out there /AY,Thu Nov 30 12:54:04 +0000 2017
79380,133616,Its just me or @115888 sound quality sucks? (compare sa mga 320kbps mp3 rips sa nyaa) (9 pesos lang first 3 months so...),Thu Nov 30 11:06:08 +0000 2017,79379,79380,"@133616 Hey there! We don't have Filipino support, but we'd be happy to reply in English. You'll find useful info about Spotify's audio quality by going to https://t.co/IpJ5gsVupb. Give us a shout if you have other questions /JN",Thu Nov 30 12:53:45 +0000 2017
79382,133617,"@115888 what about Bioshock's soundtrack? Can you guys add it into the library?
Thanks",Thu Nov 30 11:16:54 +0000 2017,79381,79382,"@133617 Hey there! Fingers crossed we'll be able to have it soon, but there's info about Spotify content here: https://t.co/1dgftcFtzc /AC",Thu Nov 30 12:52:21 +0000 2017
79384,133618,@SpotifyCares No this is not a hiccup - you have altered spotify and made it inaccessible to blind people!  Fix it! Thanking you in advance - read my message carefully to comprehend.,Thu Nov 30 03:46:17 +0000 2017,79383,79384,"@133618 Thanks for clarifying this, Raul. We'll investigate this with you via DM and work to find a resolution. We'll reply to your DM shortly /J",Thu Nov 30 12:50:09 +0000 2017
79386,133618,"@SpotifyCares (2) when I launch Spotify I get
absolutely nothing.
To me it amounts to the same thing as a business, for example,
refusing to provide a ramp for its wheel chair bound customers.
I look forward to downloading an update to Spotify that I can actually use.",Tue Nov 28 21:47:56 +0000 2017,79385,79386,"@133618 Hey Raul, thanks for reaching out. We're sorry to hear you're having problems with Spotify. We're aware of a temporary hiccup last night that may have caused some issues. This should be fixed up now! Are you still having trouble? If so, DM us and we'll help out /J https://t.co/ldFdZRiNAt",Wed Nov 29 09:47:47 +0000 2017
79388,133619,"@115888 I would like to know, how can I save my songs not in the internal memory but on sd card on my phone. In my settings, I can't do it. Pls get back to me. Thanks",Thu Nov 30 10:56:53 +0000 2017,79387,79388,@133619 Hey Alexandre! Can you check if you've followed the steps here: https://t.co/OtkrWQIwcT? Let us know how it goes /JN,Thu Nov 30 12:47:46 +0000 2017
79390,133620,"@117153 i get an offer, that says 09 kr. for 3 months. but when i want to pay it cost 99 kr.",Thu Nov 30 11:03:52 +0000 2017,79389,79390,@133620 Hi there! Can you DM us your account's username or email address? We'll take a look backstage /DN,Thu Nov 30 12:47:20 +0000 2017
79392,133621,@115888 @SpotifyCares why when I’m playing a playlist do random songs play. It hasn’t done it before. Has it changed? I’m sorry I subscribe to premium as I’m not a big music listener.,Thu Nov 30 10:55:00 +0000 2017,79391,79392,@133621 Hey there! Can you DM us your account's username or email address? We'll take a look backstage /MS https://t.co/ldFdZRiNAt,Thu Nov 30 12:46:54 +0000 2017
79394,133622,"@spotifycares I missed the email telling me I need to confirm my home address for spotify family, and now it won't let me join up again.",Thu Nov 30 11:02:01 +0000 2017,79393,79394,"@133622 Hey there, we've come to the rescue! Could you DM us your account's username or email address? We'll check behind the scenes /RE https://t.co/ldFdZRiNAt",Thu Nov 30 12:46:45 +0000 2017
79396,133623,@SpotifyCares why doesn’t your shuffle function completely randomise playlists? It will just shuffle about 20 songs in a playlist of 3000 songs...,Thu Nov 30 11:01:55 +0000 2017,79395,79396,"@133623 Hey Ellie! Can you let us know the device, operating system, and Spotify version you're using? We'll see what we can suggest /PL",Thu Nov 30 12:45:06 +0000 2017
79398,133624,all I want for christmas is seeing the new @4739 album on @115888,Thu Nov 30 11:39:43 +0000 2017,79397,79398,@133624 Hey there! We’ll have it available to you as soon as it’s available to us. https://t.co/1dgftcFtzc /GK,Thu Nov 30 12:38:32 +0000 2017
79401,133625,I really want nz spotify,Thu Nov 30 11:16:57 +0000 2017,79399,79401,@133625 Hey there! Spotify is already available in New Zealand. Are you unable to create an account with us? /MA,Thu Nov 30 12:38:30 +0000 2017
79400,133625,"@SpotifyCares Not me, but my bestie. She's trying to make acc on spotify because they said that something went wrong",Thu Nov 30 13:16:08 +0000 2017,79402,79400,@133625 Could you send us a DM with your friend's email address? We'll take a look backstage /MA https://t.co/ldFdZRiNAt,Thu Nov 30 13:22:02 +0000 2017
79404,133626,@SpotifyCares Hi started the 99p for 3months deal and I’m not on premium when I sign in?,Thu Nov 30 11:23:53 +0000 2017,79403,79404,@133626 Hi Lenny! We've just sent you a bit more info over DM. We'll carry on helping out there 🙂 /MA,Thu Nov 30 12:36:28 +0000 2017
79425,133627,@SpotifyCares hello where is Jay z's album 4:44?,Thu Nov 30 10:44:31 +0000 2017,79424,79425,"@133627 Jay Z's 4:44 isn't currently available on Spotify. Don't worry, once it's available to us, we'll make sure that it gets released. In the meantime, let us know if we can help with anything else /MU",Thu Nov 30 12:36:19 +0000 2017
79427,133628,@115888 Are Debit Cards accepted?,Thu Nov 30 10:42:13 +0000 2017,79426,79427,@133628 Hi again! Yep. The offer requires a recurring payment method (debit/credit cards or PayPal). Hope this helps /MU,Thu Nov 30 12:31:47 +0000 2017
79444,133629,@115888 I need help!,Thu Nov 30 10:30:14 +0000 2017,79443,79444,@133629 @115888 Hey! We've just sent a DM your way. Let's carry on chatting there /PK,Thu Nov 30 12:31:37 +0000 2017
79447,133630,@116130  Just noticed all my playlists are gone.  Possibly due to switch to a new phone.  Help please?!,Thu Nov 30 10:38:09 +0000 2017,79445,79447,"@133630 Hey Claire, we're here to help! Can you DM us your account's username or email address? We'll take a look backstage /LS https://t.co/ldFdZRiNAt",Thu Nov 30 12:30:48 +0000 2017
79450,133631,@115888 it's not letting me log in using facebook so I'm paying for spotify i can't use please help,Thu Nov 30 10:41:05 +0000 2017,79449,79450,@133631 Hey there! Could you DM us your account's email address? We'll take a look backstage /JO https://t.co/ldFdZRiNAt,Thu Nov 30 12:30:12 +0000 2017
79453,133632,@115888 Why can’t virgin mobile users subscribe.,Thu Nov 30 10:28:24 +0000 2017,79451,79453,"@133632 Hi Don! The current offer is for users who haven't had Premium before, and requires a recurring payment method (debit/credit card or PayPal). Hope this clears things up /MU",Thu Nov 30 12:29:15 +0000 2017
79452,133632,@SpotifyCares I haven’t had premium before but can’t get it as it say unable to do via a virgin phone.,Thu Nov 30 13:23:00 +0000 2017,79454,79452,@133632 We understand. We're afraid that it isn't possible to sign up for the offer via your mobile phone bill. We'd suggest using either a payment card or PayPal. Hope this helps /MU,Thu Nov 30 13:49:20 +0000 2017
80915,133956,@SpotifyCares never mind! you're good,Thu Nov 30 13:13:00 +0000 2017,80914,80915,"@133956 Thanks for the kind words. If we can help with anything else, you know where to find us 🙂 /AY",Thu Nov 30 13:25:12 +0000 2017
80917,133956,i hate you @115888,Thu Nov 30 12:20:46 +0000 2017,80916,80917,"@133956 Hey! Can you tell us more about what's happening? What device, operating system, and Spotify version are you on? /AY",Thu Nov 30 13:06:48 +0000 2017
80919,133957,@SpotifyCares I had Spotify family but when I went to pay it just charged for a single plan. I don’t want to pay twice. What to do?,Thu Nov 30 12:05:06 +0000 2017,80918,80919,@133957 Hey! We've just replied to your DM. We'll carry on helping out there /MU,Thu Nov 30 13:24:40 +0000 2017
80921,133958,"Hey @SpotifyCares, love spotify but one thing bothers me very much: I have a playlist of around 2500 songs and have to scroll down to the bottom on my iphone everytime i want to listen to my recently added songs. Takes a long time. Any way i (or you) can change that? Greets matt",Thu Nov 30 12:08:54 +0000 2017,80920,80921,@133958 Hey there! You can sort your tunes by following the steps here: https://t.co/myAf3mlgcv. Hope this helps 🙂 /MA,Thu Nov 30 13:24:19 +0000 2017
44309,133959,@115888 How do I avail of this promo?,Thu Nov 30 12:02:52 +0000 2017,80922,44309,@133959 Hi! We've just sent you a bit more info over DM. We'll carry on helping out there /TC,Thu Nov 30 13:19:09 +0000 2017
80924,133960,"@117153 Hi, Spotify. I applied for the student discount premium, got approved via email, and was already charged on my credit card but my account's subscription is still ""free"". I tried logging out everywhere/ sign in again but still it doesnt work. What else can I do?🙂",Thu Nov 30 12:02:42 +0000 2017,80923,80924,"@133960 Hey Bella, help's here! Can you DM us your account's username or email address? We'll take a look backstage /PL https://t.co/ldFdZRiNAt",Thu Nov 30 13:17:46 +0000 2017
80926,133961,@133962 @133963 Thank you! It’s so annoying that #Reputation still isn’t available on Spotify,Thu Nov 30 11:50:36 +0000 2017,80925,80926,"@133961 You're welcome. Don't worry, we’ll have it available to you as soon as it’s available to us! For now, check out the singles: https://t.co/3h0TnPWP0c. Give us a shout if you need anything else /DN",Thu Nov 30 13:12:31 +0000 2017
80934,133964,Hey @SpotifyCares! I've been having some issues accessing https://t.co/rPt7Pe8wCa... any news?,Thu Nov 30 11:45:40 +0000 2017,80932,80934,"@133964 Hey! Don’t worry, we can help. What’s happening exactly? A screenshot of any error messages that you're getting will also help. We'll see what we can suggest /PK",Thu Nov 30 13:10:09 +0000 2017
80933,133964,"@SpotifyCares Hey! It's resolved now - just looks as though there was a bloop in my ISP when connecting to Spotify. Btw, is that a template message in LSW/Lithium Response?",Thu Nov 30 13:32:21 +0000 2017,80935,80933,@133964 Nice! We're glad it's working now. Now let's... https://t.co/flUnoJ2P8u /PK,Thu Nov 30 13:45:01 +0000 2017
80938,133965,@115888 where tf is my presale code for @4823 tix? I listen to her more than any other artist.,Thu Nov 30 11:39:33 +0000 2017,80937,80938,@133965 Hey Michael! Pre-sale codes are being sent out by email to some of Billie Eilish's biggest fans on Spotify. Hopefully you're one of them! /MX,Thu Nov 30 13:05:30 +0000 2017
70696,131856,"Why the heck does my @115888 now play me 20 seconds of a song I choose and then randomly put me on a random, shitty playlist? https://t.co/gOQ9r7fLfQ",Thu Nov 23 15:10:15 +0000 2017,70697,70696,"@131856 Thanks for letting us know. Does this happen on WiFi, 3/4G, or both? Also, are you experiencing the same when using another device? /KM",Thu Nov 30 13:04:23 +0000 2017
80939,131856,"@SpotifyCares It doesn't appear to make a difference on wi-fi or data. I don't use it on another device so no idea, sorry",Thu Nov 30 13:35:50 +0000 2017,80940,80939,@131856 It's alright. Could you DM us your account's email address or username? We'll take a look backstage /KM https://t.co/ldFdZRiNAt,Thu Nov 30 13:57:36 +0000 2017
80943,133966,IS MISS YOU ALREADY AVAILABLE ON SPOTIFY??,Thu Nov 30 11:04:16 +0000 2017,80941,80943,@133966 Hey! We’ll have it available to you as soon as it’s available to us. https://t.co/1dgftcFtzc /RC,Thu Nov 30 12:59:17 +0000 2017
80942,133966,@SpotifyCares 😭😭😭😂😂😂😂,Thu Nov 30 14:26:09 +0000 2017,80944,80942,"@133966 Cool. If you need us again, you know where to find us. Keep on rocking and https://t.co/mJs5KObHO4 🎶 /RC",Thu Nov 30 14:46:41 +0000 2017
83647,134377,"@115888 Hi spotify, I am having trouble using the Family membership feature.  One of the members does not appear to be getting invites even although they have had an account for several years previously.  Can you help?",Thu Nov 30 12:54:22 +0000 2017,83646,83647,"@134377 Hey Lewis, we've come to the rescue! Could you DM us the email address of the family member that you're trying to invite? We'll see what we can suggest /RE https://t.co/ldFdZRiNAt",Thu Nov 30 13:56:36 +0000 2017
83649,134378,"hi @SpotifyCares, if im a premium account holder and want to subscribe a premium for family account, do i have to terminate my earlier account? or i can just subscribe for the premium for family?",Thu Nov 30 12:48:26 +0000 2017,83648,83649,"@134378 Hey, help's here! Can you DM us your account's username or email address? We'll take a look under the hood /RS https://t.co/ldFdZRiNAt",Thu Nov 30 13:52:22 +0000 2017
83651,134379,@115888 Can you explain me why you delete the whole downloaded playlist with just one swipe? https://t.co/bqk5Y3xCjW,Thu Nov 30 12:17:11 +0000 2017,83650,83651,"@134379 Hey Paul, sorry to hear about this. We don't have any specific info to share about this, but you can vote for the idea here: https://t.co/AQzo39neJB /PL",Thu Nov 30 13:51:39 +0000 2017
83654,134380,@4984 down auf iOS?,Thu Nov 30 12:30:35 +0000 2017,83652,83654,"@134380 Hey, thanks for the report. We had a little hiccup earlier but everything should be running just fine now. Let us know if you have any other questions /BD",Thu Nov 30 13:49:55 +0000 2017
83653,134380,@SpotifyCares De/install fixed it,Thu Nov 30 14:14:05 +0000 2017,83655,83653,"@134380 Got you! If you need anything else, we're always... https://t.co/30FxtpFyVv ✌️ /BD /BD",Thu Nov 30 14:28:35 +0000 2017
83657,134381,@SpotifyCares Hi! Can you please check your dms?,Thu Nov 30 13:09:14 +0000 2017,83656,83657,@134381 Hi! We've just sent a DM your way. Let's carry on chatting there /JN,Thu Nov 30 13:49:11 +0000 2017
44310,134382,@115888 How????,Thu Nov 30 12:41:47 +0000 2017,83658,44310,@134382 Hey there! Can you DM us your account's email address and username? We'll take a look backstage /MX https://t.co/ldFdZRiNAt,Thu Nov 30 13:46:45 +0000 2017
83661,134383,"@115888 hey spotify always the same , i listen the same music every day , and the ""daily discover"" is just music i don't like ....just sad men ....every day i put my headphones and i want a new discovery but always end in my own playlists..😑",Thu Nov 30 12:33:44 +0000 2017,83659,83661,"@134383 Hey Martin! Just to clarify, what playlists are you referring to? A screenshot would be helpful /RS",Thu Nov 30 13:46:21 +0000 2017
83660,134383,@SpotifyCares  https://t.co/xHTHfDErKN,Thu Nov 30 15:48:37 +0000 2017,83662,83660,@134383 Thanks! Your Discover Weekly should improve as it gets to know you. Keep adding your fav tracks to Your Library/playlists 🙂 /AQ,Thu Nov 30 16:35:45 +0000 2017
44311,134384,"@115888 When you post about that P9, please be firm. As i tapped on the link, it foes with wrong infos...",Thu Nov 30 13:14:32 +0000 2017,83663,44311,"@134384 Hey, help's here! Can you DM us your account's email address? We'll see what we can suggest /JN https://t.co/ldFdZRiNAt",Thu Nov 30 13:42:00 +0000 2017
83666,134385,@115888 u guys should update and give users the ability to delete songs from the search bar of our playlists so we don’t have to scroll through a thousand songs to get rid of one,Thu Nov 30 12:28:09 +0000 2017,83664,83666,"@134385 Hey there! If you want to search for a song to delete within your playlist, just type the title on the Filter field. You should get to the song right away and tap/click Remove from this Playlist. Hope this clears things up /LS",Thu Nov 30 13:41:14 +0000 2017
83665,134385,@SpotifyCares It doesn’t let me click the filter bar when editing my playlist and there is no option in the (...) next to the song that says delete,Thu Nov 30 19:52:52 +0000 2017,83667,83665,"@134385 Hmm. Just to check, does the filter not allow you to enter any text at all? Can we also have you send over a screenshot of the options available to you once the (...) button has been selected? We'll see what we can suggest /JI",Thu Nov 30 21:16:25 +0000 2017
83668,134385,@SpotifyCares I can type in it as long as I’m not in edit. Here is a picture of all the options from the (...) https://t.co/IctP8gy0X5,Fri Dec 01 02:51:29 +0000 2017,83669,83668,@134385 Sorry for the confusion. Have you tried following the steps here: https://t.co/fsYUfD7IIb? Keep us posted /MT,Fri Dec 01 04:48:01 +0000 2017
83673,134386,sometimes i wonder what kind of algorithm @115888 uses to create my weekly playlist... you've once again put some weird stuff together guys,Thu Nov 30 13:09:03 +0000 2017,83672,83673,"@134386 Hey there! To keep Discover Weekly fresh, keep listening to more of your favourite tunes. This will mix things up /AC",Thu Nov 30 13:40:23 +0000 2017
83675,134387,@115888 @133324 @134388 @4985 Why isn't spotify available in Israel... This is so disrespectful honestly! https://t.co/XH2OyhFMtX,Thu Nov 30 12:34:10 +0000 2017,83674,83675,@134387 Hey Alexa! We're launching in new countries as often as possible. Be sure to add your email at https://t.co/X8DVSX9QgM. Keep rocking 🤘 /MX,Thu Nov 30 13:37:33 +0000 2017
83678,134389,"@SpotifyCares OK so far, but it did take a few tracks before it packed in last time. I'll keep an eye and let you know.",Thu Nov 30 12:34:10 +0000 2017,83677,83678,@134389 Sounds like a plan! We’ll be on the lookout if anything else comes up /GK,Thu Nov 30 13:36:36 +0000 2017
83680,134389,"@SpotifyCares Yes, the @13281 app is the latest version.",Thu Nov 30 01:16:06 +0000 2017,83679,83680,@134389 Thanks for the info. Can you try logging out of both apps &gt; restarting your phone &gt; logging back in? Let us know if that makes a difference /RH,Thu Nov 30 01:23:38 +0000 2017
83683,134389,"WTELF...?! The song showing on @spotifycares app is not the song playing, &amp; @13281 Android app stops updating scrobbles after 2 or 3 tracks &amp; I can't restart the app to track properly. The blue hell is going on here? I'm not even using Connect FCOL! X_X;",Wed Nov 29 23:37:58 +0000 2017,83682,83683,"@134389 Hey, that doesn't sound right. Can you let us know the Android and Spotify versions you're using? Also, is your Last.fm app up to date? /RH",Wed Nov 29 23:52:57 +0000 2017
83686,134390,I really love excellent customer service experiences. Thanks @Spotifycares.,Thu Nov 30 13:27:37 +0000 2017,83684,83686,@134390 You're welcome! Let us know if you need anything else. We're... https://t.co/zOXI69QSqg /DN,Thu Nov 30 13:34:08 +0000 2017
83685,134390,"@SpotifyCares I just noticed this, you guys are funny. I love it! Haha.",Sun Dec 03 05:13:03 +0000 2017,83687,83685,"@134390 Aww, thanks for the kind words! You're making us blush. Have a nice day 😍 /JS",Sun Dec 03 06:13:17 +0000 2017
83689,134391,"i was thinking, what if @115888 had achievements for like how many times you played a song or when someone else is listening to your playlist",Thu Nov 30 12:31:33 +0000 2017,83688,83689,@134391 We can see how that’d be useful! You can vote for the official idea here: https://t.co/iQu0I6ujez. Stay awesome 😁 /MX,Thu Nov 30 13:33:21 +0000 2017
83691,134392,"@spotifycares continuing to have someone unauthorised using and pausing my account, even after I have changed the password. Can anyone help? Thanks",Thu Nov 30 12:30:00 +0000 2017,83690,83691,"@134392 Hi Matt, we're here to help. Can you DM us your account's email address? We'll take a look backstage /AC https://t.co/ldFdZRiNAt",Thu Nov 30 13:33:21 +0000 2017
83693,134393,@115888 How to subscribe using load????,Thu Nov 30 12:12:08 +0000 2017,83692,83693,"@134393 Hey there! You can go straight at https://t.co/19BtIz1ktm and you'll be able to choose your preferred payment method. If you have further questions, you can send us your account's username or email address. We'll see what we can do /MS",Thu Nov 30 13:31:58 +0000 2017
83723,134394,"#feature request for @115888 

As a user
I want to see MY playlists that contain a song
when I search for it in the search bar",Thu Nov 30 12:19:03 +0000 2017,83722,83723,@134394 Nice idea! It's definitely something for the team to consider and we'll make sure it reaches them. Keep rocking /MX,Thu Nov 30 13:29:05 +0000 2017
86365,134856,"@SpotifyCares Hi! It's not that having the ads themselves is unbearable, it is the ads themselves that will drive up ur premium sales #amazingwork",Thu Nov 30 13:40:53 +0000 2017,86364,86365,"@134856 We're sorry you feel that way. We appreciate your feedback on this, and we'll be sure to pass it on to the right folks. Let us know if we can help with anything else. We're just a tweet away /LM",Thu Nov 30 14:27:21 +0000 2017
86367,134856,@115888 great business move by having ur ads for free Spotify so unbearable u have no choice but to get premium #genious #iseeu,Thu Nov 30 05:51:10 +0000 2017,86366,86367,"@134856 Hey Elaina! This is part of our Free service on mobile. There's more info about it here: https://t.co/UabipIXUxe. In the meantime, you can check out https://t.co/zgnxs5kPEu if you haven't had a subscription before /CH",Thu Nov 30 06:09:00 +0000 2017
86369,134857,@115888 I need more skips,Thu Nov 30 13:58:13 +0000 2017,86368,86369,"@134857 Hey Joel! Unlimited skips and on-demand listening is part of our Premium service. If you haven't had a subscription before, check this out: https://t.co/z7umnmiukQ. Let us know if you need anything else /CX",Thu Nov 30 14:27:09 +0000 2017
86371,134858,@SpotifyCares Game changer. Thank you!,Thu Nov 30 14:19:52 +0000 2017,86370,86371,"@134858 You're welcome! If you ever need help with anything else, you know where to find us /QI",Thu Nov 30 14:25:47 +0000 2017
86373,134858,humankind needs lyrics on @115888,Thu Nov 30 13:25:25 +0000 2017,86372,86373,"@134858 Hi Frederick! We totally agree. If you’re Premium, you can connect your Spotify account to the Musixmatch mobile app to enjoy lyrics: https://t.co/SyGMWOjGoe /QI",Thu Nov 30 14:10:59 +0000 2017
86375,134859,Why do you constantly remove my downloaded albums from my phone @115888,Thu Nov 30 13:31:25 +0000 2017,86374,86375,@134859 Hey! We're sorry to hear that. Check out the steps under “Downloads unexpectedly removed” at https://t.co/EidIERWgLX. Let us know how it goes /SJ,Thu Nov 30 14:25:38 +0000 2017
86378,134860,@115888 can you stop removing my downloaded albums,Thu Nov 30 13:42:49 +0000 2017,86376,86378,"@134860 Hey there, we'd love to help! Can you let us know your device, operating system, and the version of Spotify you're running? We'll see what we can suggest /AG",Thu Nov 30 14:24:56 +0000 2017
86377,134860,@SpotifyCares iPhone 6s with the most current operating system and Spotify version with a premium family account,Thu Nov 30 14:37:40 +0000 2017,86379,86377,"@134860 Thanks. Can you get back to us with the exact version of Spotify you're using? To get this info, just go to Your Music &gt; Settings &gt; About /AG",Thu Nov 30 14:51:18 +0000 2017
86380,134860,@SpotifyCares 8.4.28.1104,Thu Nov 30 15:22:56 +0000 2017,86381,86380,"@134860 Got it. Just to check, does the issue only happen to your downloaded albums? If you have downloaded playlists, do they become unsynced too? /AG",Thu Nov 30 15:40:52 +0000 2017
86382,134860,@SpotifyCares some songs in the playlists become unsaved,Thu Nov 30 16:21:15 +0000 2017,86383,86382,"@134860 In this case, we'd recommend checking out https://t.co/EidIERWgLX. Listed under 'Downloads unexpectedly removed' are possible reasons why your downloaded tracks/albums were removed /AG",Thu Nov 30 16:40:59 +0000 2017
86385,134861,"@SpotifyCares Nope. You want this: https://t.co/WCORfzxV4g
But you've got this: https://t.co/8ONGp2DpNg",Thu Nov 30 13:16:38 +0000 2017,86384,86385,"@134861 Go tit. We upload songs the way they were given to us by labels/distributors, but we'll make sure to pass this on to the relevant folks. If anything else comes up, just give us a shout 🙂 /NG",Thu Nov 30 14:24:09 +0000 2017
86387,134861,"@SpotifyCares Yeah, right here: https://t.co/vuyVHtpZdF
Thanks, guys, gals and gender non-conforming individuals.",Thu Nov 30 03:55:20 +0000 2017,86386,86387,@134861 Thanks! Can you tell us if this is what you're looking for: https://t.co/atSOcRjKQI? /GS,Thu Nov 30 04:36:16 +0000 2017
86389,134861,".@SpotifyCares, we have a Shania problem! Her seminal album, Come on Over, only exists in its inferior, de-country-fied European version on @115888! I'm all for a good dance remix, but you have to have the original, North American, country-ass album!",Wed Nov 29 18:00:48 +0000 2017,86388,86389,@134861 Hey Shyama! Can you send us the Album Link? Just tap the three dots &gt; Share &gt; Copy Link. We'll check things out /NG,Wed Nov 29 18:53:36 +0000 2017
86391,134862,@SpotifyCares see screenshot below - 'premium for family' page not working in internet explorer. Please can you fix so I can add a family member? Thanks https://t.co/SeQhFiUIvy,Thu Nov 30 13:46:09 +0000 2017,86390,86391,@134862 Hey Jade! Can you try giving it another go using a different web browser or an incognito/private window? Does that help? /RE,Thu Nov 30 14:23:50 +0000 2017
86393,134863,"@SpotifyCares Hi, I registered for Spotify's student discount a couple of weeks ago and sent in my details. They were verified by SheerID on the 13th Nov, however at that moment I forgot to click the link in the email to finalize the process. Now it's not working, is it too late?",Thu Nov 30 11:08:18 +0000 2017,86392,86393,"@134863 Hi Felicia! We can help out with this, don't worry. To get started, just DM us your account's email address. We'll have a look backstage /SD https://t.co/ldFdZRiNAt",Thu Nov 30 14:22:03 +0000 2017
86395,134864,@SpotifyCares never mind found an email in my junk folder saying you reset my password. all ok now.,Thu Nov 30 14:07:11 +0000 2017,86394,86395,"@134864 Hi there! Sorry for the slight delay. We'd like to confirm, do you still need help with this? Just give us a shout. We'd be glad to help out /GN",Thu Nov 30 14:20:34 +0000 2017
86399,134865,"@115888 feeling depleted after trying to offer you my monthly subscription uptake. Make it easier for the Samsung lovers turned apple user for work purposes. Note: I could be just bad at tech flow but this support donation I have for you, ain’t working at my end!",Thu Nov 30 13:40:39 +0000 2017,86396,86399,@134865 Hey there! We'd love to help. Can you let us know what's happening exactly? /RC,Thu Nov 30 14:17:35 +0000 2017
86397,134865,@SpotifyCares Fantastic response timeframe! Many suns ago I had a Spotify account. I got an apple device for work and am back to establish a Spotify monthly subscription and it’s difficult.,Thu Nov 30 15:01:03 +0000 2017,86400,86397,@134865 Got it! Could you DM us your account's email address? We'll see what we can suggest /RK https://t.co/ldFdZRiNAt,Thu Nov 30 17:42:05 +0000 2017
86402,134866,is MISS YOU ON SPOTIFY YET,Thu Nov 30 13:41:57 +0000 2017,86401,86402,@134866 Hey there! Is this an album or a track you're looking for? The name(s) of the artist(s) would also help. We'll take a look backstage /LP,Thu Nov 30 14:16:56 +0000 2017
86404,134867,found this in @115888 settings... what's #StrangerThings mode?? https://t.co/9BW8kqviQv,Thu Nov 30 13:30:18 +0000 2017,86403,86404,@134867 Hey Leah! The Stranger Things Mode is in partnership with Netflix to promote the latest season of Stranger Things. It's a cool feature available for users who stream from the official playlists of the series. You can try it out to see for yourself 🙂 /JE,Thu Nov 30 14:16:20 +0000 2017
86406,134868,@SpotifyCares I have to restart the app 4 times every time to get past these loading screens. Really frustrating loading times. Don't think I'm getting a premium product for premium pengar https://t.co/msMlh4LBCb,Thu Nov 30 13:29:13 +0000 2017,86405,86406,"@134868 Hey Joe, that doesn't look right. What device, Android and Spotify versions are you using? We'll lend a hand /SY",Thu Nov 30 14:15:53 +0000 2017
86409,134869,"@SpotifyCares it's a shame! It's not even like I need an ""inbox"" just being able to send a song through spotify would be so cool. But anyway! Thanks so much for replying &lt;3 X",Thu Nov 30 13:28:59 +0000 2017,86408,86409,"@134869 Don't worry, your thoughts won't fall on deaf ears. Have a https://t.co/fOHcTvQJC3 💚 /LP",Thu Nov 30 14:15:09 +0000 2017
86411,134869,I really miss the @115888 messages feature :( being able to send songs to other spotify users without having to go via another social media...,Wed Nov 29 16:43:13 +0000 2017,86410,86411,"@134869 Hey Alice! We don't have any info on this right now, but we'll let the right team know it's something you'd like to see back. If you need anything else, just shout and we'll come running 🏃 /JZ",Wed Nov 29 17:09:25 +0000 2017
86413,134870,"@SpotifyCares - Some lovely human hacked my account and changed my login credentials. Luckily this morning I had an antiquated circle called a cd, but I won’t last long without infinite variety. Help! 

#hacked #spotify #help",Thu Nov 30 13:39:29 +0000 2017,86412,86413,"@134870 Hey Summer, this doesn't sound good! Could you send us a DM with your account's username or email address? We'll take a look backstage 🔍 /DB https://t.co/ldFdZRiNAt",Thu Nov 30 14:14:26 +0000 2017
86415,134871,@SpotifyCares why did the app take €15 off me for premium (both regular premium and student premium) when my college is not on the list so I am not eligible for the student one?????? If I’ve paid for a student one I want my money back for the regular one then.,Thu Nov 30 13:16:18 +0000 2017,86414,86415,@134871 Hey there! That doesn't sound good. Could you send us a DM with your account's email address? We'll take a look backstage /QI https://t.co/ldFdZRiNAt,Thu Nov 30 14:09:00 +0000 2017
86417,134872,"@SpotifyCares Hi, how do I change my country and payment method to that of my new country? I’ve tried and failed and now I am left Spotify-less.",Thu Nov 30 13:06:13 +0000 2017,86416,86417,@134872 Hey Sarah. Can you send us a DM with your account's email address or username? We'll take a look backstage /AY https://t.co/ldFdZRiNAt,Thu Nov 30 14:06:35 +0000 2017
86419,134873,@115888 how do I unsubscribe to an account I never subscribed to? I cannot find any where I have subscribed to you. You just billed me.,Thu Nov 30 12:41:46 +0000 2017,86418,86419,"@134873 Hey Kathleen! We're here to help. Can you DM us a screenshot of your bank statement showing the Spotify charges? For security, make sure you mask any sensitive info such as your full card number. We'll look into it /CP https://t.co/ldFdZRiNAt",Thu Nov 30 14:05:12 +0000 2017
86421,134874,@115888 WHY ISN'T SPOTIFY AVAILABLE IN VIETNAM????? PLEASE WE NEED IT 😠😠,Thu Nov 30 12:52:34 +0000 2017,86420,86421,@134874 Hey there! We're launching in new countries as often as possible. Sign up here to be first to hear: https://t.co/XDwWzj7cLP /AC,Thu Nov 30 13:59:11 +0000 2017
89457,135360,"@SpotifyCares Samsung Galaxy S7 (SM-G930T), Android version 7.0, Spotify version: 8.49.289 armV7",Thu Nov 30 14:50:40 +0000 2017,89455,89457,@135360 Got it. Can you check if logging out &gt; restarting your phone &gt; logging back in to your account makes a difference? /DV,Thu Nov 30 14:57:44 +0000 2017
89456,135360,"@SpotifyCares That definitely worked it out, thank you!!",Thu Nov 30 14:58:56 +0000 2017,89458,89456,@135360 You're welcome! Give us a shout if there's anything else we can do to help. We'll be... https://t.co/AiEGsVLjXp /DV,Thu Nov 30 15:05:01 +0000 2017
89460,135360,@SpotifyCares recently I've been trying to load up the app and it takes a minimum of 5 Minutes of wait time before it let's me pick anything because it's loading. Is there anything I can do to speed that up?,Thu Nov 30 14:31:04 +0000 2017,89459,89460,"@135360 Hi, help's here! Can you let us know your device's model, operating system, and Spotify version? We'll see what we can suggest /DV",Thu Nov 30 14:47:33 +0000 2017
89463,135361,"@SpotifyCares Like I say, my speaker is visible, but when I click on it, the app just goes back to the song screen and doesn't switch to the speaker... https://t.co/7k5oCPmc45",Thu Nov 30 14:45:37 +0000 2017,89461,89463,"@135361 Thanks. Can you make sure you've enabled ""Control Sonos from Spotify"" in the Sonos app settings? There's more info here: https://t.co/Wgy3SqHCeq /NG",Thu Nov 30 14:57:29 +0000 2017
89462,135361,@SpotifyCares I can't find that option. I've checked and my Sonos app is up to date. I've removed and then re authorised Spotify as a music service. All no joy.,Thu Nov 30 15:11:14 +0000 2017,89464,89462,"@135361 Just to check, have you tried using a different device to control your Sonos speaker? Did the same issue happen? /NG",Thu Nov 30 15:36:16 +0000 2017
89465,135361,"@SpotifyCares Just checked, worked straight away on my daughter's iPhone using linked family Spotify account.",Thu Nov 30 15:38:59 +0000 2017,89466,89465,@135361 Alright. Can you DM us your account's username or email address? We'll check backstage /NG https://t.co/ldFdZRiNAt,Thu Nov 30 15:46:24 +0000 2017
89470,135361,"@SpotifyCares Hi, after the latest android update I can't control my Sonos through the Spotify app, but works fine from the Sonos app. The speaker is shown in the list, but nothing happens. I have already tried restarting everything, reconnecting to WiFi, and reinstalled the app, but no joy.",Thu Nov 30 14:26:26 +0000 2017,89469,89470,@135361 Hey Sean! Can you let us know the specific Spotify and Android versions you're using? We'll see what we can suggest /NG,Thu Nov 30 14:36:13 +0000 2017
89512,135362,@SpotifyCares I have an account question. Is there an email address I can write to? Thank you,Thu Nov 30 14:44:54 +0000 2017,89511,89512,"@135362 Hi Rosalind! You can get in touch with our Email team here: https://t.co/fSvGOEg6Tc. We can also help out via Twitter if you'd like. If you could DM us your account's email address, we'll check things backstage /CP https://t.co/ldFdZRiNAt",Thu Nov 30 14:55:42 +0000 2017
89515,135363,@SpotifyCares I dm you guys please answer I need help ASAP,Thu Nov 30 14:45:10 +0000 2017,89513,89515,@135363 Thanks for the screenshot. Can you also send us the username/email of the other account you paid for? /JP,Thu Nov 30 14:52:03 +0000 2017
89517,135364,"@SpotifyCares And, on top of that, bc you reset the password and didn't give it to me, I can't go in an command a reset.",Thu Nov 30 14:46:36 +0000 2017,89516,89517,@135364 Rest assured we'll have this looked into for you. Just DM us your account's email address for us to proceed /SJ https://t.co/ldFdZRiNAt,Thu Nov 30 14:51:54 +0000 2017
89521,135365,2 times in the last week @spotifycares has prompted me to update my password.  The most recent time your system rejects my attempt to update my password for my locked out premium account.  Wtf?,Thu Nov 30 14:42:11 +0000 2017,89520,89521,@135365 Hey Andrew! Help's here. Can you DM us your account's username or email address? We'll check things backstage /CP https://t.co/ldFdZRiNAt,Thu Nov 30 14:48:34 +0000 2017
89523,135366,@SpotifyCares Ok thx for thr explanation!,Thu Nov 30 14:39:48 +0000 2017,89522,89523,"@135366 No worries at all! For anything else, we're just a tweet away /JP",Thu Nov 30 14:47:36 +0000 2017
89525,135366,@115888 Hey do you mean IDR 49.900?? cuz the last time i checked it's not IDR 4.900 for sure,Thu Nov 30 13:49:23 +0000 2017,89524,89525,@135366 Hey Fanny! This is an offer we have right now for new users who never had Premium before. Take note that this is only for payments made through PayPal and credit/debit cards. The promo for mobile payments is at 49900 IDR. Hope this clears things up /JP,Thu Nov 30 14:32:06 +0000 2017
89518,135364,"@SpotifyCares I am trying to reset my password after getting an email from you, and every time I submit the form, I get this ""The CSRF token is invalid. Please try to resubmit the form."" The email was sent at 6:34 the AM.",Thu Nov 30 14:37:58 +0000 2017,89519,89518,@135364 Hey Josh! Can you DM us your account's email address? We'll see what we can suggest /SJ https://t.co/ldFdZRiNAt,Thu Nov 30 14:46:28 +0000 2017
89536,135367,@SpotifyCares are you aware of the iPhone X / iOS11 bug wherein if a video plays in another app it stops all audio coming from your app? Have to restart each time.,Thu Nov 30 14:31:32 +0000 2017,89534,89536,"@135367 Hi there. Just to clarify, do you need to restart the app to continue your music, or do you just resume the playback? /LM",Thu Nov 30 14:43:55 +0000 2017
89535,135367,"@SpotifyCares Thanks for response! The app says that music is playing, but no sound comes out. I have to restart to make it work again.",Thu Nov 30 15:04:52 +0000 2017,89537,89535,@135367 Gotcha. Can you try reinstalling the app using the steps here: https://t.co/PDA2aKzC6Q? Let us know how it plays out /LM,Thu Nov 30 15:11:11 +0000 2017
89539,135367,"@SpotifyCares iPhone X, running iOS 11.2, listening over wired headphones",Thu Nov 30 15:30:47 +0000 2017,89540,89539,"@135367 Thanks for the info. Just to check, are you listening to songs downloaded for offline listening, or are you just streaming your tunes? /LM",Thu Nov 30 15:38:22 +0000 2017
89541,135367,@SpotifyCares Both 😅,Thu Nov 30 15:39:00 +0000 2017,89542,89541,"@135367 Alright. Did this issue start happening after a specific update? Also, does this happen on any other apps as well? /LM",Thu Nov 30 15:44:40 +0000 2017
89543,135367,@SpotifyCares I first noticed it when I upgraded from my iPhone 7+ to the X. Is this a known issue?,Thu Nov 30 19:39:23 +0000 2017,89544,89543,@135367 We're afraid we don't have that info right now. Can you DM us your account's email address? We'll take a closer look /LM https://t.co/ldFdZRiNAt,Thu Nov 30 21:01:52 +0000 2017
89546,135368,"@SpotifyCares Quick question: who do I report an insulting chat session to? I was completely dismayed by my chat support this morning, and have a transcript I can share.",Thu Nov 30 13:16:51 +0000 2017,89545,89546,"@135368 Hey Sameer, we're sorry to hear that. Can you DM us your account's email address? We'll take a look backstage /JN https://t.co/ldFdZRiNAt",Thu Nov 30 14:42:50 +0000 2017
89549,135369,@spotifycares I think my account got hacked. But I can't contact you. Advise.,Thu Nov 30 14:31:11 +0000 2017,89547,89549,@135369 Hey there! That doesn't sound good. Can you DM us your account's email address or username? We'll take a look backstage /PB https://t.co/ldFdZRiNAt,Thu Nov 30 14:41:57 +0000 2017
89548,135369,@SpotifyCares I got chat and got it taken care of easily. Thanks for the support.,Thu Nov 30 15:16:29 +0000 2017,89550,89548,@135369 Awesome! Let us know if you ever need us again. We'd be... https://t.co/LgAM6ky9Vv /PB,Thu Nov 30 15:21:03 +0000 2017
89552,135370,@SpotifyCares Here you go. Thank you so much for the speedy reply. You guys rock! https://t.co/MbkND3Wviy,Thu Nov 30 14:00:08 +0000 2017,89551,89552,@135370 Got it! That looks like a Windows error code. You can reach out to them for more help here: https://t.co/IJv965ApcO. Let us know how it goes /MX,Thu Nov 30 14:36:42 +0000 2017
89554,135370,@SpotifyCares Unfortunately it’s giving me an error when I try to uninstall as well /:,Wed Nov 29 23:34:59 +0000 2017,89553,89554,@135370 Hmm. Can you send us a screenshot of the error message you're getting while reinstalling the app? We'll see what we can suggest /KB,Wed Nov 29 23:40:33 +0000 2017
89556,135370,"@115888 your latest update 1.0.69.323 is crashing during install, and will no longer let me launch the program. Please help! Music is what I need to keep my sanity ;) I’m using windows 7",Wed Nov 29 22:19:16 +0000 2017,89555,89556,@135370 Hey there! The cavalry's here. Best thing to try here is a clean reinstall. Just follow the steps at https://t.co/PDA2aKzC6Q. Let us know how it goes /KB,Wed Nov 29 22:31:02 +0000 2017
89463,135361,"@SpotifyCares Like I say, my speaker is visible, but when I click on it, the app just goes back to the song screen and doesn't switch to the speaker... https://t.co/7k5oCPmc45",Thu Nov 30 14:45:37 +0000 2017,89467,89463,"@135361 Just to confirm, were you able to do a clean reinstall as suggested? /NG",Thu Nov 30 17:42:00 +0000 2017
89557,135361,"@SpotifyCares Yes, completely removed and reinstalled both apps",Thu Nov 30 17:51:40 +0000 2017,89558,89557,@135361 We've sent you a bit more info over DM /NG,Thu Nov 30 18:28:47 +0000 2017
89560,135371,@SpotifyCares Love u,Thu Nov 30 14:03:42 +0000 2017,89559,89560,@135371 We... https://t.co/Rkb5PJblbW. We're just a tweet away if you need anything else 🙂 /DN,Thu Nov 30 14:35:43 +0000 2017
89562,135371,Wtf is this lmao @115888 @116602 @118134 https://t.co/Z5ba6HJ7ED,Thu Nov 30 02:10:23 +0000 2017,89561,89562,"@135371 Hey Gracie, help's here! This allows you to view the Stranger Things easter egg feature. Just go to the Now Playing screen and stream this: https://t.co/4cQt9Vn0ec. Let us know if you have any other questions /CH",Thu Nov 30 02:55:32 +0000 2017
89564,135372,@SpotifyCares Why have I been charged twice for my subscription this month?,Thu Nov 30 14:04:53 +0000 2017,89563,89564,@135372 Hi Marc. That doesn't sound good. Can you DM us your account's email address or username? We'll take a look under the hood /XF https://t.co/ldFdZRiNAt,Thu Nov 30 14:34:26 +0000 2017
89566,135373,nako spotify,Thu Nov 30 13:58:57 +0000 2017,89565,89566,@135373 Hi Dominic! We've just sent you a bit more info over DM. We'll carry on helping out there /MA,Thu Nov 30 14:31:12 +0000 2017
89569,135374,@115888 I can't access any of my saved albums on my @121899 @127972 TV? I have a bunch of other ways to play my music on my PREMIUM PLAN ACCOUNT but I was hoping my smart TV could without searching for them all individually. This is all I see. All I can say is....Really?! https://t.co/1q7EcHwtev,Thu Nov 30 13:47:48 +0000 2017,89567,89569,@135374 Hey Steven! We have some info about the Spotify app on Roku here: https://t.co/1nqkZkn6JX. Give us a shout if there's anything else /NG,Thu Nov 30 14:30:23 +0000 2017
89568,135374,"@SpotifyCares Thanks for replying @SpotifyCares. That article basically says that you've made it worse. Without the functionality to see my saved artists/albums/playlists then this app is useless. In my opinion, It needs an overhaul and comparable functionality to every other form of your app.",Thu Nov 30 14:51:44 +0000 2017,89570,89568,"@135374 We understand where you're coming from. Rest assured, your feedback is being heard while we work with Roku on the best path forwards /NG",Thu Nov 30 14:59:58 +0000 2017
89571,135374,"@SpotifyCares I know it can be difficult to keep up with the many iterations of your beautiful service, thankful there are many ways to use it. Thanks for your consideration and time today!!! @SpotifyCares",Thu Nov 30 15:11:45 +0000 2017,89572,89571,"@135374 We appreciate you letting us know. If anything else comes up, just give us a shout. We're here for you... https://t.co/vqF9a1Oqfu 🙂 /NG",Thu Nov 30 15:22:04 +0000 2017
89575,135375,@SpotifyCares Which leak is the Spotify password reset email referring to?,Thu Nov 30 13:48:13 +0000 2017,89574,89575,@135375 Hey there! Can you DM us your account's email address? We'd like to share some info with you privately /LM,Thu Nov 30 14:28:36 +0000 2017
91665,135879,"Hi! In Turkish ""şey"" word always written separately. For example: ""bir şey"" Fix this please @SpotifyCares https://t.co/MjpoE7i5pb",Thu Nov 30 15:04:07 +0000 2017,91664,91665,@135879 Hi there! Thanks for the heads-up. We've just reported this. Give us a shout if there's anything else we can do to help /DV,Thu Nov 30 15:18:41 +0000 2017
91667,135880,"@SpotifyCares Trying to recover password, but getting ""CSRF token is invalid"" - help? Previously signed up through FB but want to avoid using moving forward",Thu Nov 30 15:07:35 +0000 2017,91666,91667,"@135880 Hey Jonathan! Can you DM us your account's username and email address, along with a screenshot of the error message that you're getting? We'll take a look backstage /SY https://t.co/ldFdZRiNAt",Thu Nov 30 15:16:43 +0000 2017
91670,135881,"OK, it just happened again and I updated my account , @SpotifyCares can you help? Someone is hijacking my account.",Thu Nov 30 15:07:34 +0000 2017,91668,91670,@135881 Hi there! We’re sorry to hear that. We'd suggest checking out https://t.co/iVpg60w61i for what to do next. Let us know if we can help with anything else /GN,Thu Nov 30 15:16:38 +0000 2017
91669,135881,"@SpotifyCares OK, I did all those steps, fingers crossed and Thanks!",Thu Nov 30 15:24:21 +0000 2017,91671,91669,@135881 No worries! You know where to find us if you'll ever need our help again. We'll be right here for you 💚 /GN,Thu Nov 30 15:46:48 +0000 2017
91680,135882,"@SpotifyCares I know, but your UI is saying that I’m at 1k+ of 4k+ downloads. It seems like it should say 1k+ of 3,333. ;)",Thu Nov 30 15:05:59 +0000 2017,91679,91680,@135882 That's odd. Can you send us a screenshot of what you're seeing in-app? We'll do some digging 🔍 /JE,Thu Nov 30 15:14:24 +0000 2017
91682,135882,"@115888 I'm still not sure why the @115888 UI shows 4,000+ songs to download when it maxes out at 3,333.",Thu Nov 30 03:15:23 +0000 2017,91681,91682,"@135882 Hey Monique!  Currently, you can only download 3,333 songs for offline use per device, on a maximum of 3 different devices. Hope this clears things up /AR",Thu Nov 30 04:03:39 +0000 2017
91685,135883,"Disappointed with you @115888 as I’ve registered as a student for £4.99 per month, added my student card and you’re still charging £9.99?🧐",Thu Nov 30 11:08:42 +0000 2017,91684,91685,@135883 Hi Tom! Help's here. DM us your account's email address and we'll see what we can suggest /SD https://t.co/ldFdZRiNAt,Thu Nov 30 15:13:08 +0000 2017
91687,135884,"@spotifycares tried using my app this morning says I need to log in. Tried logging in, said PW invalid. Tried resetting PW, said username invalid",Thu Nov 30 14:54:05 +0000 2017,91686,91687,@135884 Hey Josh! Could you DM us your account's username or email address? We'll take a look backstage /TM https://t.co/ldFdZRiNAt,Thu Nov 30 14:59:43 +0000 2017
93860,136353,"@SpotifyCares got PW reset message, follow link, enter new password but then get this message. Generate new reset e-mail, same thing. Happening on Chrome and Firefox. Help? https://t.co/7AATasWWBZ",Thu Nov 30 15:41:16 +0000 2017,93859,93860,"@136353 Hey Sebastian, help's here! Could you send us a DM with your account's email address or username? We'll take a look backstage /CO https://t.co/ldFdZRiNAt",Thu Nov 30 15:57:54 +0000 2017
93862,136354,Used moms postpaid # to subscribe to @115888 premium but I did not receive the PIN CODE yet. Tried it for like 10 times already. WHY???? @SpotifyCares,Thu Nov 30 15:49:54 +0000 2017,93861,93862,@136354 Hey! We've just sent you a bit more info over DM. We'll carry on helping out there /CO,Thu Nov 30 15:54:48 +0000 2017
93864,136355,"@117153 if a user had a Spotify account through PSN, and they cancelled the PSN account, will that also cancel their premium account with Spotify? I no longer have the premium access, though I paid for it last month.",Thu Nov 30 15:35:44 +0000 2017,93863,93864,@136355 Hi there! Can you DM us your account's email address or username? We'll take a look under the hood /XF https://t.co/ldFdZRiNAt,Thu Nov 30 15:53:39 +0000 2017
93867,136356,"@SpotifyCares iPhone 8plus, iOS 11.1.2, 8.4.28.1104",Thu Nov 30 15:42:36 +0000 2017,93865,93867,"@136356 Thanks. Just to check, is this happening on all your downloaded songs or just your Albums? /XF",Thu Nov 30 15:51:02 +0000 2017
93866,136356,"@SpotifyCares Both songs and albums. The only downloaded material are the three Spotify playlists: New Music Friday, Discover Weekly, and Release Radar.",Thu Nov 30 17:31:49 +0000 2017,93868,93866,@136356 Thanks for letting us know. Check out the steps under “Downloads unexpectedly removed” at https://t.co/EidIERWgLX. They should help with this /XF,Thu Nov 30 17:50:12 +0000 2017
93870,136356,"All of my @115888 downloads disappeared overnight, from both authorized devices. The Spotify support page on this subject suggests a few possibilities, none apply to me. That is a huge user experience problem.",Thu Nov 30 14:49:08 +0000 2017,93869,93870,"@136356 Hi Derek! Can you let us know your device, operating system, and Spotify version? We'll take a look under the hood /XF",Thu Nov 30 15:38:11 +0000 2017
93873,136357,"Hey @115888, can you make your web player a slightly smaller flaming pile of trash? Because the large flaming pile of trash that is your web player is getting a little unbearable to deal with...",Thu Nov 30 15:09:43 +0000 2017,93871,93873,"@136357 Hey Kevin, we’re sorry to hear that! What’s happening exactly? Can you let us know the device/OS you’re using? We'll see what we can suggest /CO",Thu Nov 30 15:46:52 +0000 2017
93872,136357,@SpotifyCares I use Firefox Quantum on Mac OS Sierra version 10.12.6 on a late 2009 iMac desktop. Fairly often Spotify just won't let me play any music. I have to totally close Spotify and re-login for it to work again. Sometimes a browser reset is also necessary. Thanks for looking into this.,Thu Nov 30 15:53:41 +0000 2017,93874,93872,@136357 Got it. Do you get any error messages? Does the issue happen with all tracks or playlists? Try using a private window or a different browser. Let us know if it does the same thing /CO,Thu Nov 30 16:11:11 +0000 2017
93876,136358,@SpotifyCares Hi I try to choose my smart post paid 4 da payment but unfortunetly it cannot contine plz help me. Thank u,Thu Nov 30 15:21:18 +0000 2017,93875,93876,@136358 Hey there! Help's here. Can you DM us your account's email address or username? We'll take a look backstage /PB https://t.co/ldFdZRiNAt,Thu Nov 30 15:46:08 +0000 2017
93879,136359,"@SpotifyCares Hi, please help. I have recently renewed my mobile contract and they have offered me 24 months Spotify premium to sweeten the deal. I'm already a premium subscriber so what's my best option going fwd. Cancel and start from scratch? Tia",Thu Nov 30 15:28:12 +0000 2017,93878,93879,"@136359 Hi Scott, help's here! Can you DM us your account's email address? We'll take a look backstage /DV https://t.co/ldFdZRiNAt",Thu Nov 30 15:45:33 +0000 2017
93881,136360,"@115888 your web player is a poorly coded, barely functional and temperamental piece of shit",Thu Nov 30 15:01:06 +0000 2017,93880,93881,"@136360 Hi there! Can you tell us more about what's happening? Also, what browser are you using? We'll see what we can do /XF",Thu Nov 30 15:42:05 +0000 2017
93883,136361,@115888 Why don't companies ever look after long standing loyal customers? Apple/EE have offered me 6 months free with my which I didn't consider but after seeing this I might as well.,Thu Nov 30 15:14:15 +0000 2017,93882,93883,"@136361 Hi Darren. We're sorry you feel that way. We appreciate your feedback on this, and we'll be sure to pass it on to the right folks /LM",Thu Nov 30 15:41:33 +0000 2017
93890,136362,@116130 why can iphone edit playlist on phone and android cant?,Thu Nov 30 15:07:02 +0000 2017,93888,93890,"@136362 Hey! You can edit your playlists using your Android phone too. For more info, click here: https://t.co/fsYUfD7IIb /AU",Thu Nov 30 15:41:24 +0000 2017
93889,136362,@SpotifyCares Dry by edit I meant move tracks around to any order through phone. Not just random. I want to rearrange playlists.,Fri Dec 01 00:33:42 +0000 2017,93891,93889,"@136362 Thanks for the heads-up. We don't have any info on this right now, but we'll let the right team know it's something you'd like to see /MT",Fri Dec 01 01:08:31 +0000 2017
93894,136363,@115888 you piece of shit y’all deleted all of my saved songs,Thu Nov 30 15:10:02 +0000 2017,93892,93894,"@136363 Hey there! That doesn't sound good. Just to check, are your songs removed from download or missing altogether? /PB",Thu Nov 30 15:41:10 +0000 2017
93893,136363,@SpotifyCares Missing all together 🤦🏻‍♂️🤦🏻‍♂️🤦🏻‍♂️,Thu Nov 30 16:20:41 +0000 2017,93895,93893,@136363 Hmm. Can you DM us your account's email address or username? We'll take a look under the hood /PB https://t.co/ldFdZRiNAt,Thu Nov 30 16:34:59 +0000 2017
86407,134868,"@SpotifyCares Spotify version 8.4.29.29 armv7
Android version 6.0.1",Thu Nov 30 15:34:54 +0000 2017,93896,86407,"@134868 Thanks! Are you getting this issue on 3G/4G, WiFi, or both? /SY",Thu Nov 30 15:41:06 +0000 2017
44312,136364,@115888 How?,Thu Nov 30 14:40:14 +0000 2017,93897,44312,@136364 Hey Aldrin! Can you DM us your account's username and email address? We'll see what we can suggest /PC https://t.co/ldFdZRiNAt,Thu Nov 30 15:39:56 +0000 2017
93899,136365,When will @115888 get a Visualizer??,Thu Nov 30 14:36:47 +0000 2017,93898,93899,"@136365 We hear you loud and clear, Megan! We can’t make any promises but we’ll pass your feedback onto the right folks /TM",Thu Nov 30 15:39:19 +0000 2017
93902,136366,@115888 why isn’t star shopping by lil peep on spotify,Thu Nov 30 14:37:42 +0000 2017,93900,93902,@136366 Hey there! Can you let us know which country your Spotify account is set to? We'll be right here waiting /LP,Thu Nov 30 15:38:15 +0000 2017
93901,136366,@SpotifyCares hi! it’s set to the UK :),Thu Nov 30 15:41:10 +0000 2017,93903,93901,"@136366 Thanks. Fingers crossed we'll be able to have it available to you soon, but there's info about Spotify content here: https://t.co/1dgftcFtzc . Hope this helps /LP",Thu Nov 30 16:04:18 +0000 2017
93905,136367,@115888 How to avail?,Thu Nov 30 14:35:25 +0000 2017,93904,93905,"@136367 Hey, help's here! Can you send us a DM with your account's email address or username? We'll take a look backstage /CO https://t.co/ldFdZRiNAt",Thu Nov 30 15:37:38 +0000 2017
93955,136368,@115888 is there a reason yall play more suggested tracks than the actual music someone's tryna listen to lmao. 10 suggested tracks to 1 album track is kinda ridiculous.,Thu Nov 30 14:42:49 +0000 2017,93954,93955,"@136368 Hey Blake! To reduce the number of Suggested Tracks you get, try adding more artists into your playlists 😉 /SY",Thu Nov 30 15:37:37 +0000 2017
44313,136369,@115888 It won't let avail the promo using mobile payment 😐,Thu Nov 30 14:39:25 +0000 2017,93956,44313,@136369 Hey there! Can you DM us your account's username and email address? We'll take a look backstage /SY https://t.co/ldFdZRiNAt,Thu Nov 30 15:36:32 +0000 2017
93958,136370,"@115888, you're needed here. In India. Please.",Thu Nov 30 14:40:56 +0000 2017,93957,93958,@136370 Hey! We're launching in new countries as often as possible. Be sure to add your email at https://t.co/X8DVSXrr8k /PB,Thu Nov 30 15:36:07 +0000 2017
93960,136371,@115888 are you guys having issues with random pausing? It’s seriously frustrating 😐,Thu Nov 30 14:35:36 +0000 2017,93959,93960,"@136371 Hey Elias, that doesn't sound right. What device, operating system, and version of Spotify is this happening on? We'll lend a hand /SY",Thu Nov 30 15:35:33 +0000 2017
93962,136372,Screw @115888 for the massive mobile app update. It's freaking impossible to enjoy the app without premium now and I can't afford that shit,Thu Nov 30 14:12:07 +0000 2017,93961,93962,@136372 Hey Connor! Is your Spotify misbehaving? What issues are you having and on what device? We'll help out /SY,Thu Nov 30 15:35:05 +0000 2017
93964,136373,Fuck It by @5515 needs to be on @115888,Thu Nov 30 14:08:03 +0000 2017,93963,93964,"@136373 Hey! We’d love to have all of his stuff available, but we have some info about content here: https://t.co/1dgftcFtzc /KM",Thu Nov 30 15:34:12 +0000 2017
93966,136374,"Yo @116130 @115888 !! I’ll make you a deal, if you get the #theworldistheirs album by #theIRS on Spotify I’ll sign up to premium for a year. Deal yeh? #supportUKHipHop",Thu Nov 30 14:07:27 +0000 2017,93965,93966,@136374 Hey there! Music availability all boils down to licensing agreements. We have more info here: https://t.co/2FJce6Rcpg. Let us know if we can help with anything else. We're just a tweet away /LM,Thu Nov 30 15:33:40 +0000 2017
93968,136375,"@SpotifyCares I received an email about changing my password, but Spotify doesn't recognize my username or email address. Please help me resolve this!",Thu Nov 30 15:17:25 +0000 2017,93967,93968,@136375 Hey Anthony! That doesn't sound right. Can you DM us the username or email address on your account? We'll take a look under the hood /LP https://t.co/ldFdZRiNAt,Thu Nov 30 15:31:17 +0000 2017
95797,136856,"@SpotifyCares Hey so this is the third time this happens, out of nowhere all my downloads disappear. ☹️ I went to listen to music offline today and found that I couldn't because they were all gone.",Thu Nov 30 16:19:01 +0000 2017,95795,95797,"@136856 Hey Adrian, sorry to hear that! Check out the steps under “Downloads unexpectedly removed” at https://t.co/EidIERWgLX. They should help with this /SY",Thu Nov 30 16:27:17 +0000 2017
95796,136856,"@SpotifyCares Okay, thanks. Hopefully it won't happen again!",Thu Nov 30 23:47:04 +0000 2017,95798,95796,@136856 No worries! Just give us a shout if the problem persists. We're... https://t.co/zOXI69QSqg /CG,Fri Dec 01 00:12:51 +0000 2017
95800,136857,@SpotifyCares could you help me,Thu Nov 30 16:15:53 +0000 2017,95799,95800,"@136857 Hey Tommy! We just sent you a reply to your DM, we'll continue assisting you there /TF",Thu Nov 30 16:26:33 +0000 2017
95803,136858,@SpotifyCares Still waiting for @5568's mixtape Karma to be up tho,Thu Nov 30 16:18:17 +0000 2017,95801,95803,"@136858 Hey! Fingers crossed we'll be able to have it soon, but there's info about Spotify content here: https://t.co/6Y2qyWFrKN",Thu Nov 30 16:26:13 +0000 2017
95802,136858,@SpotifyCares Aight guys appreciate it,Thu Nov 30 16:45:01 +0000 2017,95804,95802,@136858 You're welcome! Just let us know if we can help with anything else 🙂 /NH,Thu Nov 30 19:51:01 +0000 2017
95805,136858,@SpotifyCares Do you guys know when @21409 mixtape Benny On Steroids is gonna be up tho,Fri Dec 01 03:51:34 +0000 2017,95806,95805,"@136858 We don't have any info on this right now, but we’ll have it available to you as soon as it’s available to us! /RB",Fri Dec 01 05:19:06 +0000 2017
95807,136858,@SpotifyCares Aight no doubt thanks,Fri Dec 01 05:26:01 +0000 2017,95808,95807,@136858 You're welcome! Let us know if you ever need us again. We'd be... https://t.co/LgAM6ky9Vv /RB,Fri Dec 01 05:33:49 +0000 2017
95811,136858,@SpotifyCares Thanks guys it's up,Thu Nov 30 16:09:55 +0000 2017,95809,95811,@136858 Anytime! Apologies for the late response. Feel free to send a tweet our way if you need help with anything else 🙂 /JI,Thu Nov 30 16:14:36 +0000 2017
95815,136858,@SpotifyCares when are you guys gonna put up @40980 X Hit-Boy Collab album Courtesy Of Half-A-Mil I really wanna listen to that album guys,Thu Nov 30 00:20:02 +0000 2017,95812,95815,@136858 Hey there! We’ll have it available to you as soon as it’s available to us. Here some info on content: https://t.co/1dgftcFtzc /CG,Thu Nov 30 00:33:27 +0000 2017
95817,136859,@5606 have been charged twice $9.99 for a personal account when I want a family account for $14.99. Can you fix this...acct Cervelott,Thu Nov 30 16:08:42 +0000 2017,95816,95817,@136859 Hi David! We've just sent a DM your way. Let's carry on chatting there /AU,Thu Nov 30 16:25:37 +0000 2017
95819,136860,"@SpotifyCares you're taking payments from me, but i still see adverts. this is appalling. what's the point in paying?",Thu Nov 30 16:16:55 +0000 2017,95818,95819,"@136860 Hi, we've just replied to your DMs. Let's carry on chatting there /SY",Thu Nov 30 16:24:00 +0000 2017
95822,136861,@SpotifyCares Hi there! Those songs are not found on Spotify 😭😢,Thu Nov 30 15:46:40 +0000 2017,95820,95822,"@136861 We understand your frustration. We’d love to have all of their stuff available! Hopefully we will in the future. In the meantime, we have some info about content here: https://t.co/1dgftcFtzc. If you ever need anything else, just shout and we'll come running 🏃 /LX",Thu Nov 30 16:23:42 +0000 2017
95821,136861,@SpotifyCares Is this for every song and artists or only the artists? I see only a karaoke song. I want the whole song it's a remember to are grandmother,Thu Nov 30 18:33:01 +0000 2017,95823,95821,"@136861 We hear you. We do our best! But sometimes agreements are ongoing, or can't be reached with the content provider. Be sure to stay tuned /TX",Thu Nov 30 19:13:56 +0000 2017
95825,136861,"@SpotifyCares hi there, I miss Emma  Chaplin spent last Stelle and vedimaria can you added please?",Thu Nov 30 07:33:22 +0000 2017,95824,95825,@136861 Hi there! Can you let us know what's happening exactly? We'll see what we can do /PL,Thu Nov 30 07:44:12 +0000 2017
95828,136862,"@spotifycares How can I create an account if my email is taken. I've never had an account, but people often use my email address",Thu Nov 30 16:10:58 +0000 2017,95826,95828,"@136862 Hey Chris, we'd love to help! Can you DM us your email address? We'll take a look backstage /JP https://t.co/ldFdZR1cbT",Thu Nov 30 16:19:42 +0000 2017
95830,136863,@115888 Hey Spotify my password was reset by you guys but your password reset page isn’t working! It gives a CSRF invalid token error! Please help!,Thu Nov 30 16:10:41 +0000 2017,95829,95830,"@136863 Hi, we've just replied to your DM. We'll carry on chatting there /SY",Thu Nov 30 16:18:41 +0000 2017
95833,136864,@SpotifyCares I need help canceling a account but I can’t remember the email address,Thu Nov 30 16:04:08 +0000 2017,95831,95833,@136864 We've just sent a DM your way. Let's carry on chatting there /CG,Thu Nov 30 16:09:51 +0000 2017
95835,136865,"I was logged out of my account and when I try to log in it doesn't work. I try to reset my password and it says ""The CSRF token is invalid. Please try to resubmit the form."" Can you please help? @SpotifyCares",Thu Nov 30 15:49:18 +0000 2017,95834,95835,"@136865 Hey Alyssa, help's here! Could you DM us your account's username and email address? We'll take a look backstage /BX https://t.co/ldFdZRiNAt",Thu Nov 30 16:04:45 +0000 2017
95837,136866,@115888 I am about to cancel my membership if y'all don't get these youtubers off my damn feed. Like how much did they pay to get on these playlist? How much more can I pay to make it stop? #YouTube #spotify #shootme,Thu Nov 30 15:44:58 +0000 2017,95836,95837,@136866 Hi Logan! Could you send us a DM with your account's email address? We'll take a look backstage /QI https://t.co/ldFdZRiNAt,Thu Nov 30 16:03:24 +0000 2017
95841,136867,@SpotifyCares how can I find different versions of the same album? e.g. I have both https://t.co/ZdNopru9I8 and https://t.co/DukKRLYE0i saved but I can only find the latter by searching now. There is no “x more release(s)” link at the bottom of the track list.,Thu Nov 30 15:40:58 +0000 2017,95838,95841,@136867 Hi Ben! Can you send over a screenshot of what you're seeing? We'll take a closer look /QI,Thu Nov 30 15:58:26 +0000 2017
95839,136867,"@SpotifyCares What I’m asking is, how can I find the other, older versions (e.g. if I didn’t already have them saved). istr there used to be an “x more release(s)” link at the bottom of the track listing page for an album, but in this case I can’t find it. 2/2",Thu Nov 30 16:06:22 +0000 2017,95842,95839,"@136867 Thanks for clearing that up. The feature is currently unavailable, but we hear you 🎧 Rest assured, your feedback will be passed on to the right folks /QI",Thu Nov 30 16:32:35 +0000 2017
95843,136867,"@SpotifyCares Ah OK, that explains why I can’t find it! :)",Thu Nov 30 16:34:36 +0000 2017,95844,95843,"@136867 Thanks for understanding. We'll let the team know it's something you'd like to see. In the meantime, if you need help with anything else, you know where to find us /QI",Thu Nov 30 16:40:22 +0000 2017
97657,137378,"@SpotifyCares hello i mistakenly subscribe premium with account that i forgot the password for both spotify and email, all i have is the card i use to subscribe. What can i do?",Thu Nov 30 16:48:15 +0000 2017,97656,97657,"@137378 Hey there, help's here! Could you DM us your account's email address? We'll take a look backstage /CG https://t.co/ldFdZRiNAt",Thu Nov 30 16:55:44 +0000 2017
97660,137379,"@SpotifyCares I'm having trouble with the password you requested I reset. I keep getting an error message: The CSRF token is invalid. Please please resubmit form.

Got a solution for me?",Thu Nov 30 16:16:29 +0000 2017,97658,97660,"@137379 Hey Dan, help's here! Can you DM us your account's email address, username, and a screenshot of the error message you're seeing? We'll take a look backstage /AL https://t.co/ldFdZRiNAt",Thu Nov 30 16:54:34 +0000 2017
97662,137380,@SpotifyCares you sent me an email to change my password and I have tried without success. I keep getting an error message please advise https://t.co/50HNtffd2g,Thu Nov 30 16:37:56 +0000 2017,97661,97662,"@137380 Hey Cathryn, that's not cool! Can you DM us your account's username and email address? We'll do some digging /JK https://t.co/ldFdZRiNAt",Thu Nov 30 16:53:50 +0000 2017
97664,137381,"@SpotifyCares trying to reset forgotten password, can't get beyond
""The CSRF token is invalid. Please try to resubmit the form.""",Thu Nov 30 16:41:21 +0000 2017,97663,97664,"@137381 Hey there, help's here! Could you shoot us a DM with your account's username and email address? We'll take a look backstage /VK https://t.co/ldFdZRiNAt",Thu Nov 30 16:50:16 +0000 2017
97666,137382,@SpotifyCares I used my FB mail address to register for Premium. But I cannot remember the password and cannot access FB mail anymore.. HELP,Thu Nov 30 16:36:32 +0000 2017,97665,97666,@137382 Hi there! Can you DM us the email address associated to your Facebook? We'll see what we can do /XF https://t.co/ldFdZRiNAt,Thu Nov 30 16:46:11 +0000 2017
97668,137383,@SpotifyCares my spotify premium hulu is saying that i dont have a subscription whats up!!,Thu Nov 30 16:15:45 +0000 2017,97667,97668,@137383 Hey there! Can you DM us your account's email address and username? We'll take a look backstage /AQ https://t.co/ldFdZRiNAt,Thu Nov 30 16:43:52 +0000 2017
97671,137384,"Yo @SpotifyCares when will the shuffle finally get fixed. I'm so done with this like other thousands of people and after 2,5 years there is still no fix. Is there a fix coming in the short term or do we really need to start using other services, cause tbh i like sportify way more",Thu Nov 30 16:32:20 +0000 2017,97669,97671,@137384 Hi there! Sorry to hear you feel that way. We’ve made some changes to our shuffle algorithm. We’d love to hear your feedback here: https://t.co/AdMgwOmTIH /XF,Thu Nov 30 16:43:41 +0000 2017
97674,137386,"@SpotifyCares Yes, I'm still having this issue, I can't log in with my spotify account but I can log in with my Facebook account.",Thu Nov 30 15:43:52 +0000 2017,97672,97674,@137386 Sorry to hear you're still having troubles. Does restarting your device help at all? Keep us posted /VV https://t.co/ldFdZRiNAt,Thu Nov 30 16:41:09 +0000 2017
97677,137386,@115888 Can you please update us on how long these problems will take to fix? I still can't log in due to them :/,Wed Nov 29 01:53:24 +0000 2017,97676,97677,@137386 Hey! Thanks for letting us know. Everything’s looking good on our end now - are you still having this issue? /NQ,Wed Nov 29 03:24:31 +0000 2017
97679,137387,@SpotifyCares I have a problem with Spotify premium. Am I able to change which account has it because I bought it on the wrong account,Thu Nov 30 16:30:12 +0000 2017,97678,97679,"@137387 Hi there, we'd be happy to help! Can you DM us with both of your usernames and email addresses? We'll see what we can suggest /WW https://t.co/ldFdZRiNAt",Thu Nov 30 16:36:13 +0000 2017
98719,137609,".@115888 @129941 is there a reason ""One Christmas Catalogue"" by Captain Sensible isn't available...",Thu Nov 23 14:49:11 +0000 2017,98718,98719,"@137609 Hey! Fingers crossed we'll be able to have it soon, but there's info about Spotify content here: https://t.co/0i8GpimuDa /K",Thu Nov 23 16:45:44 +0000 2017
100117,137938,"I've been trying to fix my @115888 computer app and Spotify web player for 4 months with no help from customer service, is it about time I give up and switch to @115948 ?",Thu Nov 30 17:19:15 +0000 2017,100115,100117,@137938 Hey Daniel! Don't throw in the towel just yet. Can you give us more info on what's happening exactly? We'd love to help /NG,Thu Nov 30 17:28:13 +0000 2017
100116,137938,"@SpotifyCares My Spotify computer app has legit said ""offline"" for 4 months and every attempt that customer service has attempted has failed miserably.",Thu Nov 30 17:29:20 +0000 2017,100118,100116,@137938 Thanks. Can you DM us your account's username or email address? We'll check backstage /NG https://t.co/ldFdZRiNAt,Thu Nov 30 17:43:33 +0000 2017
100121,137939,Hey @SpotifyCares any chance to use @AmazonHelp echo audio groups like it is possible to use @122986 Chromecast audio groups? Help Appreciated!,Thu Nov 30 16:28:27 +0000 2017,100119,100121,"@137939 Hey Kay! We're working on this as we speak, but we don't have a release date yet. Watch this space! Give us a shout if you have any other questions, we'll get back to you in a beat 🙂 /TI",Thu Nov 30 17:28:11 +0000 2017
100120,137939,"@SpotifyCares I have a lot with the UX of the spotify app, but twitter has not enough space to document all flaws ... Your Content is great, the UX is atleast medium 😞",Thu Nov 30 17:30:01 +0000 2017,100122,100120,"@137939 Thanks for the feedback – we appreciate it! We’ll get this passed onto the right team. Give us a shout if you have any other questions, we're here for you /TI",Thu Nov 30 17:52:10 +0000 2017
100124,135365,@115888 @SpotifyCares How does @115888 / @SpotifyCares know that I am using the same password on a different service that was compromised....  if they were not the service that was compromised.,Thu Nov 30 17:21:45 +0000 2017,100123,100124,@135365 We've just sent you a DM 🙂 /CP,Thu Nov 30 17:25:37 +0000 2017
100127,137940,"@SpotifyCares you guys sent me an email to change my password today, and as I attempt to I get this error The CSRF token is invalid. Please try to resubmit the form.",Thu Nov 30 17:18:58 +0000 2017,100126,100127,@137940 Hey there! Could you DM us your account's username or email address? We'll take a look backstage /GU https://t.co/ldFdZRiNAt,Thu Nov 30 17:25:21 +0000 2017
100130,137941,"@SpotifyCares hi there! is it possible to remove a project from spotify, but reupload a single song from the project &amp; keep the plays/streams if using same ISRC, audio file, track name, artist name?",Thu Nov 30 16:35:41 +0000 2017,100128,100130,"@137941 Hey Cory! This looks like something our Artist team can help with here: https://t.co/41wf7ozbVm. If you've already reached out, DM us your email address &amp; we'll chase it up /AV https://t.co/ldFdZRiNAt",Thu Nov 30 17:21:14 +0000 2017
100132,137942,@SpotifyCares how would I go about recovering a stolen premium account?,Thu Nov 30 17:12:43 +0000 2017,100131,100132,"@137942 Hey Leonerd, we’re sorry to hear that. Check out https://t.co/iVpg60w61i for what to do next /NG",Thu Nov 30 17:20:07 +0000 2017
100134,137943,"Hey @5795 @115888 @SpotifyCares:

Make this a thing. Please: https://t.co/rDHC2j4Lig",Thu Nov 30 17:12:00 +0000 2017,100133,100134,@137943 Hey Paul! Thanks for the feedback – we appreciate it. We’ll get this passed onto the right team 💚 /CG,Thu Nov 30 17:20:03 +0000 2017
100136,137944,@SpotifyCares Bring Jay-Z back,Thu Nov 30 17:13:40 +0000 2017,100135,100136,@137944 Hi Henrik! We’d love to have all of his stuff available but sometimes content gets removed due to licensing changes. We have some info about content here: https://t.co/1dgftcFtzc /KL,Thu Nov 30 17:19:59 +0000 2017
100138,137945,"@SpotifyCares My playlists don't sync between the Desktop app (on Mac), my phone (Android), and the web player. They're all different. Please help.",Thu Nov 30 17:03:37 +0000 2017,100137,100138,"@137945 Hi Anthony, help's arrived! Can you DM us your account's email address and username? We'll take a look backstage 🔍 /TX https://t.co/ldFdZRiNAt",Thu Nov 30 17:19:09 +0000 2017
100140,137946,@115888 since your update the Play/Pause/Prev/Next buttons don’t work on my Mac?,Thu Nov 30 16:14:39 +0000 2017,100139,100140,"@137946 Hey Geoff, help's here! Can you DM us your account's email address and username? We'll take a look backstage /LJ https://t.co/ldFdZRiNAt",Thu Nov 30 17:17:33 +0000 2017
100143,137947,@SpotifyCares I am trying to start my Vodafone Spotify connection but it appears to say running into problems. I can share my ID and phone number in a DM. Please help!,Thu Nov 30 17:07:48 +0000 2017,100142,100143,"@137947 Hey there, help's here! Can you DM us your account's username or email address? We'll have a look and see what we can suggest /AG https://t.co/ldFdZRiNAt",Thu Nov 30 17:14:55 +0000 2017
100146,137948,"@SpotifyCares @137949 I keep getting the message ""cannot play ... the connection to Spotify was lost"", what's going on?",Thu Nov 30 17:10:15 +0000 2017,100144,100146,"@137948 Hey Anthony, the cavalry's here! Does logging out, restarting your device, and logging back into Spotify help? Keep us posted /JI",Thu Nov 30 17:14:29 +0000 2017
100145,137948,"@SpotifyCares Thanks guys, sorted",Thu Nov 30 17:31:18 +0000 2017,100147,100145,"@137948 Awesome! If you ever need anything else, just shout and we'll come running 🏃 /JY",Thu Nov 30 18:42:07 +0000 2017
100149,137950,@127637 des soucis avec la connection @118117 ? Impossible de me reconnecter à ma Play:1 Cc @SpotifyCares @137949,Thu Nov 30 17:04:37 +0000 2017,100148,100149,"@137950 Hey! We can help out in English via Twitter, but we also have French support via email at https://t.co/ZgU70TbP8M /QI",Thu Nov 30 17:13:28 +0000 2017
100151,137951,"@SpotifyCares 
Reset password
The CSRF token is invalid. Please try to resubmit the form.
Please fix this!!!!!!!!!!!!!!!!!!!",Thu Nov 30 17:06:00 +0000 2017,100150,100151,@137951 Hey Kelli! We've replied to your DM. Check your inbox /LM,Thu Nov 30 17:13:21 +0000 2017
100153,137952,"@137953 @137954 @SpotifyCares Spoti ont fait le nécessaire, plus qu'à expliquer que le Hamburger en version francisée se dira Hambourgeois en référence à la ville dont il est originaire et non ""Hamburgé"" et le monde sera meilleur. #hope  #change #sandwich #bullshit",Thu Nov 30 17:04:31 +0000 2017,100152,100153,"@137952 Hey there! We can help out in English via Twitter, but we also have French support via email at https://t.co/ZgU70TbP8M 😁 /JI",Thu Nov 30 17:12:15 +0000 2017
100164,137955,"@SpotifyCares All tracks. Windows 7, Chrome web player",Thu Nov 30 13:54:09 +0000 2017,100163,100164,"@137955 Thanks! Just to check, have you tried using a different network? Sending us the versions of the Google Chrome and Spotify app you're rocking would be helpful /FJ",Thu Nov 30 17:09:56 +0000 2017
100166,137955,@SpotifyCares Look at this https://t.co/krVqJPAEPC,Wed Nov 29 20:04:04 +0000 2017,100165,100166,"@137955 Is this happening to all tracks or just a selected few? Also, can you let us know the Windows and Spotify versions you're using? /FR",Wed Nov 29 22:06:05 +0000 2017
100170,137955,@SpotifyCares Actually.. this is at least the third time this has happened during a work day... so I'm gonna need at least 3 free months,Tue Nov 28 20:58:53 +0000 2017,100167,100170,"@137955 Hey. We had a little hiccup earlier, but everything should be running as smooth as Smooth Jazz now! /JS",Tue Nov 28 23:51:12 +0000 2017
100174,137956,@115888 I have a free account. I want to upgrade via the 3 month offer. But it’s not possible to do this via Spotify on my iPhone. Grrr!,Thu Nov 30 16:40:07 +0000 2017,100173,100174,"@137956 Hey, help's arrived! Could you shoot us a DM with your username and email address? We'll check it out 🔍 /JY https://t.co/ldFdZRiNAt",Thu Nov 30 17:08:01 +0000 2017
100176,137957,"@117153 Looks like you're down again today, won't play on my desktop in Chrome or Firefox.",Thu Nov 30 16:57:24 +0000 2017,100175,100176,"@137957 Hey there, help's here! Does clearing your cache/cookies help? You might also want to try using an incognito window. Let us know how it goes /TX",Thu Nov 30 17:06:09 +0000 2017
100193,137958,@117153 is there an issue with linking to Sonos? It won't play via Sonos or let me reauthorise!!!,Thu Nov 30 16:57:43 +0000 2017,100192,100193,@137958 Hey there! Can you DM us your account's email address? We'll take a look backstage /LM,Thu Nov 30 17:03:49 +0000 2017
100196,137959,@SpotifyCares @137960,Thu Nov 30 16:41:01 +0000 2017,100194,100196,@137959 Hi there! We've sent a reply to your DM. Let's carry on chatting there /LP,Thu Nov 30 17:02:18 +0000 2017
100200,137961,@SpotifyCares my spotify won’t accept any of my cards for the payments. what do i do.,Thu Nov 30 16:14:36 +0000 2017,100199,100200,"@137961 Hey there, that's not cool! Can you DM us your account's username and email address? We'll do some digging /JK https://t.co/ldFdZRiNAt",Thu Nov 30 16:58:43 +0000 2017
102191,138410,"@SpotifyCares hello. Can you help me get a customer service number, so that I could speak to someone about my family account?",Thu Nov 30 17:52:27 +0000 2017,102190,102191,@138410 Hey there! We can help out via Twitter. Could you DM us exactly what's happening? We'll see what we can suggest /CG https://t.co/ldFdZRiNAt,Thu Nov 30 17:58:07 +0000 2017
102194,138411,@115888 Spotify Web Player keeps crashing on Google Chrome. Won’t restart. (Especially after playing Ed Sheeran’s “Dive”??)There doesn’t seem to be any other way than this to contact you about it.,Thu Nov 30 17:33:04 +0000 2017,102192,102194,@138411 Hey there! Could you try using an incognito window? Let us know how it goes /DF,Thu Nov 30 17:57:25 +0000 2017
102193,138411,@SpotifyCares I’ll try it. Thanks!,Thu Nov 30 18:01:01 +0000 2017,102195,102193,@138411 Sounds good! Keep us in the loop /JK,Thu Nov 30 18:24:09 +0000 2017
102196,138411,@SpotifyCares I had no problems the rest of the day when listening in the incognito window.,Fri Dec 01 05:39:58 +0000 2017,102197,102196,"@138411 Glad to hear it's working in an incognito window! We'd suggest using it in the meantime, but you can try again later on using a normal browser. Let us know if there's anything else we can help with /KM",Fri Dec 01 06:29:18 +0000 2017
102199,138412,"@117153 @115888 My playlists won't start on any browser, even after clearing cookies. Having some issues today?",Thu Nov 30 17:49:17 +0000 2017,102198,102199,@138412 Hey there! Could you DM us your account's username and email address? We'll take a look backstage /DF https://t.co/ldFdZRiNAt,Thu Nov 30 17:57:22 +0000 2017
102201,138413,@SpotifyCares I need help resetting my password. It won't let me. Also the Facebook account on my Spotify is not mine. Any chance that can be changed?,Thu Nov 30 17:48:30 +0000 2017,102200,102201,@138413 Hey Brianna! Help's arrived. Can you DM us your account's email address? We'll take a look under the hood /CP https://t.co/ldFdZRiNAt,Thu Nov 30 17:57:17 +0000 2017
102204,138414,@SpotifyCares i'm using the web player on the website on windows 7 64 bit. i also tried logging out and back in and that did nothing.,Thu Nov 30 17:51:26 +0000 2017,102202,102204,@138414 Hmm. That's odd. Could you try uninstalling and reinstalling the app? Let us know how it goes /DF,Thu Nov 30 17:57:06 +0000 2017
102205,138414,"@SpotifyCares the app works. so i'll just use that. that is weird though, that glitch i had never happened before. anyways, thanks for your help! have a good day!",Thu Nov 30 18:00:25 +0000 2017,102206,102205,"@138414 Thanks for letting us know. If it's working on the app, then that's cool. But if it ever comes up again, or if you could try it again and send over a screenshot, that'd be cool. In any case, you know where to find us if you ever need help with anything else /QI",Thu Nov 30 18:16:25 +0000 2017
102208,138414,"@SpotifyCares hey there, so i'm playing a playlist and then denzel curry - ultimate comes on and plays, but the song keeps ""playing"" after the song is over. the song was supposed to be over at 3:09 but it's now at 25:15 with no sound or anything and i can't pause or skip. pls hlp",Thu Nov 30 17:37:53 +0000 2017,102207,102208,@138414 Hey there! Could you let us know what device/OS you're using? We'll see what we can suggest /DF,Thu Nov 30 17:49:50 +0000 2017
102210,138415,@SpotifyCares My Spotify on the webplayer won't load any playlists or my songs. I keep refreshing and logging out/ closing browser and it's not helping.,Thu Nov 30 17:45:01 +0000 2017,102209,102210,"@138415 Hey there, help's here! Does clearing your cache and cookies help? You might also want to try using an incognito window. Let us know how it goes /JI",Thu Nov 30 17:54:33 +0000 2017
102213,138416,Does anyone else find that the @115888 webplayer freezes every 3 songs or so?,Thu Nov 30 17:28:05 +0000 2017,102211,102213,@138416 Hey Joanna! That doesn't sound fun. Can you try using a different browser or an incognito window? Let us know if that makes any difference /AG,Thu Nov 30 17:51:53 +0000 2017
102212,138416,@SpotifyCares I already tried a different browser and now I just tried incognito. No difference. Still frozen.,Thu Nov 30 17:58:08 +0000 2017,102214,102212,@138416 Got it. Can you try restarting your device and see if that helps at all? Keep us posted /AG,Thu Nov 30 18:19:07 +0000 2017
102215,138416,"@SpotifyCares A day later, computer turned off overnight, and it's still frozen on the same song. The player isn't responding to any clicks.",Fri Dec 01 16:48:29 +0000 2017,102216,102215,"@138416 We appreciate your updates. If you're using WiFi, can you try restarting your router as well as your device? We'd suggest turning it (router) off, then wait 10 minutes before turning it back on again. Let us know how it plays out /AG",Fri Dec 01 17:03:19 +0000 2017
